scenario,epochs,method,seed,position,dateIndex,dateColumn
baseline_248,248,baseline,,0,0,D20170322
baseline_248,248,baseline,,1,1,D20170403
baseline_248,248,baseline,,2,2,D20170415
baseline_248,248,baseline,,3,3,D20170427
baseline_248,248,baseline,,4,4,D20170509
baseline_248,248,baseline,,5,5,D20170521
baseline_248,248,baseline,,6,6,D20170602
baseline_248,248,baseline,,7,7,D20170614
baseline_248,248,baseline,,8,8,D20170626
baseline_248,248,baseline,,9,9,D20170708
baseline_248,248,baseline,,10,10,D20170720
baseline_248,248,baseline,,11,11,D20170801
baseline_248,248,baseline,,12,12,D20170813
baseline_248,248,baseline,,13,13,D20170825
baseline_248,248,baseline,,14,14,D20170906
baseline_248,248,baseline,,15,15,D20170918
baseline_248,248,baseline,,16,16,D20170930
baseline_248,248,baseline,,17,17,D20171012
baseline_248,248,baseline,,18,18,D20171024
baseline_248,248,baseline,,19,19,D20171105
baseline_248,248,baseline,,20,20,D20171117
baseline_248,248,baseline,,21,21,D20171129
baseline_248,248,baseline,,22,22,D20171211
baseline_248,248,baseline,,23,23,D20171223
baseline_248,248,baseline,,24,24,D20180104
baseline_248,248,baseline,,25,25,D20180116
baseline_248,248,baseline,,26,26,D20180128
baseline_248,248,baseline,,27,27,D20180209
baseline_248,248,baseline,,28,28,D20180221
baseline_248,248,baseline,,29,29,D20180305
baseline_248,248,baseline,,30,30,D20180317
baseline_248,248,baseline,,31,31,D20180329
baseline_248,248,baseline,,32,32,D20180410
baseline_248,248,baseline,,33,33,D20180422
baseline_248,248,baseline,,34,34,D20180504
baseline_248,248,baseline,,35,35,D20180516
baseline_248,248,baseline,,36,36,D20180528
baseline_248,248,baseline,,37,37,D20180609
baseline_248,248,baseline,,38,38,D20180621
baseline_248,248,baseline,,39,39,D20180703
baseline_248,248,baseline,,40,40,D20180715
baseline_248,248,baseline,,41,41,D20180727
baseline_248,248,baseline,,42,42,D20180808
baseline_248,248,baseline,,43,43,D20180820
baseline_248,248,baseline,,44,44,D20180901
baseline_248,248,baseline,,45,45,D20180913
baseline_248,248,baseline,,46,46,D20180925
baseline_248,248,baseline,,47,47,D20181007
baseline_248,248,baseline,,48,48,D20181019
baseline_248,248,baseline,,49,49,D20181031
baseline_248,248,baseline,,50,50,D20181112
baseline_248,248,baseline,,51,51,D20181124
baseline_248,248,baseline,,52,52,D20181206
baseline_248,248,baseline,,53,53,D20181218
baseline_248,248,baseline,,54,54,D20181230
baseline_248,248,baseline,,55,55,D20190111
baseline_248,248,baseline,,56,56,D20190123
baseline_248,248,baseline,,57,57,D20190204
baseline_248,248,baseline,,58,58,D20190216
baseline_248,248,baseline,,59,59,D20190228
baseline_248,248,baseline,,60,60,D20190312
baseline_248,248,baseline,,61,61,D20190324
baseline_248,248,baseline,,62,62,D20190405
baseline_248,248,baseline,,63,63,D20190417
baseline_248,248,baseline,,64,64,D20190429
baseline_248,248,baseline,,65,65,D20190511
baseline_248,248,baseline,,66,66,D20190523
baseline_248,248,baseline,,67,67,D20190604
baseline_248,248,baseline,,68,68,D20190616
baseline_248,248,baseline,,69,69,D20190628
baseline_248,248,baseline,,70,70,D20190710
baseline_248,248,baseline,,71,71,D20190722
baseline_248,248,baseline,,72,72,D20190803
baseline_248,248,baseline,,73,73,D20190815
baseline_248,248,baseline,,74,74,D20190827
baseline_248,248,baseline,,75,75,D20190908
baseline_248,248,baseline,,76,76,D20190920
baseline_248,248,baseline,,77,77,D20191002
baseline_248,248,baseline,,78,78,D20191014
baseline_248,248,baseline,,79,79,D20191026
baseline_248,248,baseline,,80,80,D20191107
baseline_248,248,baseline,,81,81,D20191119
baseline_248,248,baseline,,82,82,D20191201
baseline_248,248,baseline,,83,83,D20191213
baseline_248,248,baseline,,84,84,D20191225
baseline_248,248,baseline,,85,85,D20200106
baseline_248,248,baseline,,86,86,D20200118
baseline_248,248,baseline,,87,87,D20200130
baseline_248,248,baseline,,88,88,D20200211
baseline_248,248,baseline,,89,89,D20200223
baseline_248,248,baseline,,90,90,D20200306
baseline_248,248,baseline,,91,91,D20200318
baseline_248,248,baseline,,92,92,D20200330
baseline_248,248,baseline,,93,93,D20200411
baseline_248,248,baseline,,94,94,D20200423
baseline_248,248,baseline,,95,95,D20200505
baseline_248,248,baseline,,96,96,D20200517
baseline_248,248,baseline,,97,97,D20200529
baseline_248,248,baseline,,98,98,D20200610
baseline_248,248,baseline,,99,99,D20200622
baseline_248,248,baseline,,100,100,D20200704
baseline_248,248,baseline,,101,101,D20200716
baseline_248,248,baseline,,102,102,D20200728
baseline_248,248,baseline,,103,103,D20200809
baseline_248,248,baseline,,104,104,D20200821
baseline_248,248,baseline,,105,105,D20200902
baseline_248,248,baseline,,106,106,D20200914
baseline_248,248,baseline,,107,107,D20200926
baseline_248,248,baseline,,108,108,D20201008
baseline_248,248,baseline,,109,109,D20201020
baseline_248,248,baseline,,110,110,D20201101
baseline_248,248,baseline,,111,111,D20201113
baseline_248,248,baseline,,112,112,D20201125
baseline_248,248,baseline,,113,113,D20201207
baseline_248,248,baseline,,114,114,D20201219
baseline_248,248,baseline,,115,115,D20201231
baseline_248,248,baseline,,116,116,D20210112
baseline_248,248,baseline,,117,117,D20210124
baseline_248,248,baseline,,118,118,D20210205
baseline_248,248,baseline,,119,119,D20210217
baseline_248,248,baseline,,120,120,D20210301
baseline_248,248,baseline,,121,121,D20210313
baseline_248,248,baseline,,122,122,D20210325
baseline_248,248,baseline,,123,123,D20210406
baseline_248,248,baseline,,124,124,D20210418
baseline_248,248,baseline,,125,125,D20210430
baseline_248,248,baseline,,126,126,D20210512
baseline_248,248,baseline,,127,127,D20210524
baseline_248,248,baseline,,128,128,D20210605
baseline_248,248,baseline,,129,129,D20210617
baseline_248,248,baseline,,130,130,D20210629
baseline_248,248,baseline,,131,131,D20210711
baseline_248,248,baseline,,132,132,D20210723
baseline_248,248,baseline,,133,133,D20210804
baseline_248,248,baseline,,134,134,D20210816
baseline_248,248,baseline,,135,135,D20210828
baseline_248,248,baseline,,136,136,D20210909
baseline_248,248,baseline,,137,137,D20210921
baseline_248,248,baseline,,138,138,D20211003
baseline_248,248,baseline,,139,139,D20211015
baseline_248,248,baseline,,140,140,D20211027
baseline_248,248,baseline,,141,141,D20211108
baseline_248,248,baseline,,142,142,D20211120
baseline_248,248,baseline,,143,143,D20211202
baseline_248,248,baseline,,144,144,D20211214
baseline_248,248,baseline,,145,145,D20211226
baseline_248,248,baseline,,146,146,D20220107
baseline_248,248,baseline,,147,147,D20220119
baseline_248,248,baseline,,148,148,D20220131
baseline_248,248,baseline,,149,149,D20220212
baseline_248,248,baseline,,150,150,D20220224
baseline_248,248,baseline,,151,151,D20220308
baseline_248,248,baseline,,152,152,D20220320
baseline_248,248,baseline,,153,153,D20220401
baseline_248,248,baseline,,154,154,D20220413
baseline_248,248,baseline,,155,155,D20220425
baseline_248,248,baseline,,156,156,D20220507
baseline_248,248,baseline,,157,157,D20220519
baseline_248,248,baseline,,158,158,D20220531
baseline_248,248,baseline,,159,159,D20220612
baseline_248,248,baseline,,160,160,D20220624
baseline_248,248,baseline,,161,161,D20220706
baseline_248,248,baseline,,162,162,D20220718
baseline_248,248,baseline,,163,163,D20220730
baseline_248,248,baseline,,164,164,D20220811
baseline_248,248,baseline,,165,165,D20220823
baseline_248,248,baseline,,166,166,D20220904
baseline_248,248,baseline,,167,167,D20220916
baseline_248,248,baseline,,168,168,D20220928
baseline_248,248,baseline,,169,169,D20221010
baseline_248,248,baseline,,170,170,D20221022
baseline_248,248,baseline,,171,171,D20221103
baseline_248,248,baseline,,172,172,D20221115
baseline_248,248,baseline,,173,173,D20221127
baseline_248,248,baseline,,174,174,D20221209
baseline_248,248,baseline,,175,175,D20221221
baseline_248,248,baseline,,176,176,D20230102
baseline_248,248,baseline,,177,177,D20230114
baseline_248,248,baseline,,178,178,D20230126
baseline_248,248,baseline,,179,179,D20230207
baseline_248,248,baseline,,180,180,D20230219
baseline_248,248,baseline,,181,181,D20230303
baseline_248,248,baseline,,182,182,D20230315
baseline_248,248,baseline,,183,183,D20230327
baseline_248,248,baseline,,184,184,D20230408
baseline_248,248,baseline,,185,185,D20230420
baseline_248,248,baseline,,186,186,D20230502
baseline_248,248,baseline,,187,187,D20230514
baseline_248,248,baseline,,188,188,D20230526
baseline_248,248,baseline,,189,189,D20230607
baseline_248,248,baseline,,190,190,D20230619
baseline_248,248,baseline,,191,191,D20230701
baseline_248,248,baseline,,192,192,D20230713
baseline_248,248,baseline,,193,193,D20230725
baseline_248,248,baseline,,194,194,D20230806
baseline_248,248,baseline,,195,195,D20230818
baseline_248,248,baseline,,196,196,D20230830
baseline_248,248,baseline,,197,197,D20230911
baseline_248,248,baseline,,198,198,D20230923
baseline_248,248,baseline,,199,199,D20231005
baseline_248,248,baseline,,200,200,D20231017
baseline_248,248,baseline,,201,201,D20231029
baseline_248,248,baseline,,202,202,D20231110
baseline_248,248,baseline,,203,203,D20231122
baseline_248,248,baseline,,204,204,D20231204
baseline_248,248,baseline,,205,205,D20231216
baseline_248,248,baseline,,206,206,D20231228
baseline_248,248,baseline,,207,207,D20240109
baseline_248,248,baseline,,208,208,D20240121
baseline_248,248,baseline,,209,209,D20240202
baseline_248,248,baseline,,210,210,D20240214
baseline_248,248,baseline,,211,211,D20240226
baseline_248,248,baseline,,212,212,D20240309
baseline_248,248,baseline,,213,213,D20240321
baseline_248,248,baseline,,214,214,D20240402
baseline_248,248,baseline,,215,215,D20240414
baseline_248,248,baseline,,216,216,D20240426
baseline_248,248,baseline,,217,217,D20240508
baseline_248,248,baseline,,218,218,D20240520
baseline_248,248,baseline,,219,219,D20240601
baseline_248,248,baseline,,220,220,D20240613
baseline_248,248,baseline,,221,221,D20240625
baseline_248,248,baseline,,222,222,D20240707
baseline_248,248,baseline,,223,223,D20240719
baseline_248,248,baseline,,224,224,D20240731
baseline_248,248,baseline,,225,225,D20240812
baseline_248,248,baseline,,226,226,D20240824
baseline_248,248,baseline,,227,227,D20240905
baseline_248,248,baseline,,228,228,D20240917
baseline_248,248,baseline,,229,229,D20240929
baseline_248,248,baseline,,230,230,D20241011
baseline_248,248,baseline,,231,231,D20241023
baseline_248,248,baseline,,232,232,D20241104
baseline_248,248,baseline,,233,233,D20241116
baseline_248,248,baseline,,234,234,D20241128
baseline_248,248,baseline,,235,235,D20241210
baseline_248,248,baseline,,236,236,D20241222
baseline_248,248,baseline,,237,237,D20250103
baseline_248,248,baseline,,238,238,D20250115
baseline_248,248,baseline,,239,239,D20250127
baseline_248,248,baseline,,240,240,D20250208
baseline_248,248,baseline,,241,241,D20250220
baseline_248,248,baseline,,242,242,D20250304
baseline_248,248,baseline,,243,243,D20250316
baseline_248,248,baseline,,244,244,D20250328
baseline_248,248,baseline,,245,245,D20250409
baseline_248,248,baseline,,246,246,D20250421
baseline_248,248,baseline,,247,247,D20250503
uniform_160,160,uniform,20276824,0,0,D20170322
uniform_160,160,uniform,20276824,1,2,D20170415
uniform_160,160,uniform,20276824,2,3,D20170427
uniform_160,160,uniform,20276824,3,5,D20170521
uniform_160,160,uniform,20276824,4,6,D20170602
uniform_160,160,uniform,20276824,5,8,D20170626
uniform_160,160,uniform,20276824,6,9,D20170708
uniform_160,160,uniform,20276824,7,11,D20170801
uniform_160,160,uniform,20276824,8,12,D20170813
uniform_160,160,uniform,20276824,9,14,D20170906
uniform_160,160,uniform,20276824,10,16,D20170930
uniform_160,160,uniform,20276824,11,17,D20171012
uniform_160,160,uniform,20276824,12,19,D20171105
uniform_160,160,uniform,20276824,13,20,D20171117
uniform_160,160,uniform,20276824,14,22,D20171211
uniform_160,160,uniform,20276824,15,23,D20171223
uniform_160,160,uniform,20276824,16,25,D20180116
uniform_160,160,uniform,20276824,17,26,D20180128
uniform_160,160,uniform,20276824,18,28,D20180221
uniform_160,160,uniform,20276824,19,30,D20180317
uniform_160,160,uniform,20276824,20,31,D20180329
uniform_160,160,uniform,20276824,21,33,D20180422
uniform_160,160,uniform,20276824,22,34,D20180504
uniform_160,160,uniform,20276824,23,36,D20180528
uniform_160,160,uniform,20276824,24,37,D20180609
uniform_160,160,uniform,20276824,25,39,D20180703
uniform_160,160,uniform,20276824,26,40,D20180715
uniform_160,160,uniform,20276824,27,42,D20180808
uniform_160,160,uniform,20276824,28,43,D20180820
uniform_160,160,uniform,20276824,29,45,D20180913
uniform_160,160,uniform,20276824,30,47,D20181007
uniform_160,160,uniform,20276824,31,48,D20181019
uniform_160,160,uniform,20276824,32,50,D20181112
uniform_160,160,uniform,20276824,33,51,D20181124
uniform_160,160,uniform,20276824,34,53,D20181218
uniform_160,160,uniform,20276824,35,54,D20181230
uniform_160,160,uniform,20276824,36,56,D20190123
uniform_160,160,uniform,20276824,37,57,D20190204
uniform_160,160,uniform,20276824,38,59,D20190228
uniform_160,160,uniform,20276824,39,61,D20190324
uniform_160,160,uniform,20276824,40,62,D20190405
uniform_160,160,uniform,20276824,41,64,D20190429
uniform_160,160,uniform,20276824,42,65,D20190511
uniform_160,160,uniform,20276824,43,67,D20190604
uniform_160,160,uniform,20276824,44,68,D20190616
uniform_160,160,uniform,20276824,45,70,D20190710
uniform_160,160,uniform,20276824,46,71,D20190722
uniform_160,160,uniform,20276824,47,73,D20190815
uniform_160,160,uniform,20276824,48,75,D20190908
uniform_160,160,uniform,20276824,49,76,D20190920
uniform_160,160,uniform,20276824,50,78,D20191014
uniform_160,160,uniform,20276824,51,79,D20191026
uniform_160,160,uniform,20276824,52,81,D20191119
uniform_160,160,uniform,20276824,53,82,D20191201
uniform_160,160,uniform,20276824,54,84,D20191225
uniform_160,160,uniform,20276824,55,85,D20200106
uniform_160,160,uniform,20276824,56,87,D20200130
uniform_160,160,uniform,20276824,57,89,D20200223
uniform_160,160,uniform,20276824,58,90,D20200306
uniform_160,160,uniform,20276824,59,92,D20200330
uniform_160,160,uniform,20276824,60,93,D20200411
uniform_160,160,uniform,20276824,61,95,D20200505
uniform_160,160,uniform,20276824,62,96,D20200517
uniform_160,160,uniform,20276824,63,98,D20200610
uniform_160,160,uniform,20276824,64,99,D20200622
uniform_160,160,uniform,20276824,65,101,D20200716
uniform_160,160,uniform,20276824,66,103,D20200809
uniform_160,160,uniform,20276824,67,104,D20200821
uniform_160,160,uniform,20276824,68,106,D20200914
uniform_160,160,uniform,20276824,69,107,D20200926
uniform_160,160,uniform,20276824,70,109,D20201020
uniform_160,160,uniform,20276824,71,110,D20201101
uniform_160,160,uniform,20276824,72,112,D20201125
uniform_160,160,uniform,20276824,73,113,D20201207
uniform_160,160,uniform,20276824,74,115,D20201231
uniform_160,160,uniform,20276824,75,117,D20210124
uniform_160,160,uniform,20276824,76,118,D20210205
uniform_160,160,uniform,20276824,77,120,D20210301
uniform_160,160,uniform,20276824,78,121,D20210313
uniform_160,160,uniform,20276824,79,123,D20210406
uniform_160,160,uniform,20276824,80,124,D20210418
uniform_160,160,uniform,20276824,81,126,D20210512
uniform_160,160,uniform,20276824,82,127,D20210524
uniform_160,160,uniform,20276824,83,129,D20210617
uniform_160,160,uniform,20276824,84,130,D20210629
uniform_160,160,uniform,20276824,85,132,D20210723
uniform_160,160,uniform,20276824,86,134,D20210816
uniform_160,160,uniform,20276824,87,135,D20210828
uniform_160,160,uniform,20276824,88,137,D20210921
uniform_160,160,uniform,20276824,89,138,D20211003
uniform_160,160,uniform,20276824,90,140,D20211027
uniform_160,160,uniform,20276824,91,141,D20211108
uniform_160,160,uniform,20276824,92,143,D20211202
uniform_160,160,uniform,20276824,93,144,D20211214
uniform_160,160,uniform,20276824,94,146,D20220107
uniform_160,160,uniform,20276824,95,148,D20220131
uniform_160,160,uniform,20276824,96,149,D20220212
uniform_160,160,uniform,20276824,97,151,D20220308
uniform_160,160,uniform,20276824,98,152,D20220320
uniform_160,160,uniform,20276824,99,154,D20220413
uniform_160,160,uniform,20276824,100,155,D20220425
uniform_160,160,uniform,20276824,101,157,D20220519
uniform_160,160,uniform,20276824,102,158,D20220531
uniform_160,160,uniform,20276824,103,160,D20220624
uniform_160,160,uniform,20276824,104,162,D20220718
uniform_160,160,uniform,20276824,105,163,D20220730
uniform_160,160,uniform,20276824,106,165,D20220823
uniform_160,160,uniform,20276824,107,166,D20220904
uniform_160,160,uniform,20276824,108,168,D20220928
uniform_160,160,uniform,20276824,109,169,D20221010
uniform_160,160,uniform,20276824,110,171,D20221103
uniform_160,160,uniform,20276824,111,172,D20221115
uniform_160,160,uniform,20276824,112,174,D20221209
uniform_160,160,uniform,20276824,113,176,D20230102
uniform_160,160,uniform,20276824,114,177,D20230114
uniform_160,160,uniform,20276824,115,179,D20230207
uniform_160,160,uniform,20276824,116,180,D20230219
uniform_160,160,uniform,20276824,117,182,D20230315
uniform_160,160,uniform,20276824,118,183,D20230327
uniform_160,160,uniform,20276824,119,185,D20230420
uniform_160,160,uniform,20276824,120,186,D20230502
uniform_160,160,uniform,20276824,121,188,D20230526
uniform_160,160,uniform,20276824,122,190,D20230619
uniform_160,160,uniform,20276824,123,191,D20230701
uniform_160,160,uniform,20276824,124,193,D20230725
uniform_160,160,uniform,20276824,125,194,D20230806
uniform_160,160,uniform,20276824,126,196,D20230830
uniform_160,160,uniform,20276824,127,197,D20230911
uniform_160,160,uniform,20276824,128,199,D20231005
uniform_160,160,uniform,20276824,129,200,D20231017
uniform_160,160,uniform,20276824,130,202,D20231110
uniform_160,160,uniform,20276824,131,204,D20231204
uniform_160,160,uniform,20276824,132,205,D20231216
uniform_160,160,uniform,20276824,133,207,D20240109
uniform_160,160,uniform,20276824,134,208,D20240121
uniform_160,160,uniform,20276824,135,210,D20240214
uniform_160,160,uniform,20276824,136,211,D20240226
uniform_160,160,uniform,20276824,137,213,D20240321
uniform_160,160,uniform,20276824,138,214,D20240402
uniform_160,160,uniform,20276824,139,216,D20240426
uniform_160,160,uniform,20276824,140,217,D20240508
uniform_160,160,uniform,20276824,141,219,D20240601
uniform_160,160,uniform,20276824,142,221,D20240625
uniform_160,160,uniform,20276824,143,222,D20240707
uniform_160,160,uniform,20276824,144,224,D20240731
uniform_160,160,uniform,20276824,145,225,D20240812
uniform_160,160,uniform,20276824,146,227,D20240905
uniform_160,160,uniform,20276824,147,228,D20240917
uniform_160,160,uniform,20276824,148,230,D20241011
uniform_160,160,uniform,20276824,149,231,D20241023
uniform_160,160,uniform,20276824,150,233,D20241116
uniform_160,160,uniform,20276824,151,235,D20241210
uniform_160,160,uniform,20276824,152,236,D20241222
uniform_160,160,uniform,20276824,153,238,D20250115
uniform_160,160,uniform,20276824,154,239,D20250127
uniform_160,160,uniform,20276824,155,241,D20250220
uniform_160,160,uniform,20276824,156,242,D20250304
uniform_160,160,uniform,20276824,157,244,D20250328
uniform_160,160,uniform,20276824,158,245,D20250409
uniform_160,160,uniform,20276824,159,247,D20250503
random_missing_160,160,random_missing,20276825,0,0,D20170322
random_missing_160,160,random_missing,20276825,1,1,D20170403
random_missing_160,160,random_missing,20276825,2,2,D20170415
random_missing_160,160,random_missing,20276825,3,4,D20170509
random_missing_160,160,random_missing,20276825,4,5,D20170521
random_missing_160,160,random_missing,20276825,5,6,D20170602
random_missing_160,160,random_missing,20276825,6,7,D20170614
random_missing_160,160,random_missing,20276825,7,8,D20170626
random_missing_160,160,random_missing,20276825,8,11,D20170801
random_missing_160,160,random_missing,20276825,9,12,D20170813
random_missing_160,160,random_missing,20276825,10,13,D20170825
random_missing_160,160,random_missing,20276825,11,14,D20170906
random_missing_160,160,random_missing,20276825,12,15,D20170918
random_missing_160,160,random_missing,20276825,13,17,D20171012
random_missing_160,160,random_missing,20276825,14,18,D20171024
random_missing_160,160,random_missing,20276825,15,19,D20171105
random_missing_160,160,random_missing,20276825,16,20,D20171117
random_missing_160,160,random_missing,20276825,17,22,D20171211
random_missing_160,160,random_missing,20276825,18,24,D20180104
random_missing_160,160,random_missing,20276825,19,25,D20180116
random_missing_160,160,random_missing,20276825,20,27,D20180209
random_missing_160,160,random_missing,20276825,21,28,D20180221
random_missing_160,160,random_missing,20276825,22,29,D20180305
random_missing_160,160,random_missing,20276825,23,30,D20180317
random_missing_160,160,random_missing,20276825,24,31,D20180329
random_missing_160,160,random_missing,20276825,25,32,D20180410
random_missing_160,160,random_missing,20276825,26,34,D20180504
random_missing_160,160,random_missing,20276825,27,36,D20180528
random_missing_160,160,random_missing,20276825,28,37,D20180609
random_missing_160,160,random_missing,20276825,29,42,D20180808
random_missing_160,160,random_missing,20276825,30,43,D20180820
random_missing_160,160,random_missing,20276825,31,44,D20180901
random_missing_160,160,random_missing,20276825,32,45,D20180913
random_missing_160,160,random_missing,20276825,33,46,D20180925
random_missing_160,160,random_missing,20276825,34,47,D20181007
random_missing_160,160,random_missing,20276825,35,48,D20181019
random_missing_160,160,random_missing,20276825,36,49,D20181031
random_missing_160,160,random_missing,20276825,37,50,D20181112
random_missing_160,160,random_missing,20276825,38,51,D20181124
random_missing_160,160,random_missing,20276825,39,52,D20181206
random_missing_160,160,random_missing,20276825,40,53,D20181218
random_missing_160,160,random_missing,20276825,41,54,D20181230
random_missing_160,160,random_missing,20276825,42,56,D20190123
random_missing_160,160,random_missing,20276825,43,57,D20190204
random_missing_160,160,random_missing,20276825,44,58,D20190216
random_missing_160,160,random_missing,20276825,45,62,D20190405
random_missing_160,160,random_missing,20276825,46,64,D20190429
random_missing_160,160,random_missing,20276825,47,65,D20190511
random_missing_160,160,random_missing,20276825,48,68,D20190616
random_missing_160,160,random_missing,20276825,49,69,D20190628
random_missing_160,160,random_missing,20276825,50,72,D20190803
random_missing_160,160,random_missing,20276825,51,73,D20190815
random_missing_160,160,random_missing,20276825,52,74,D20190827
random_missing_160,160,random_missing,20276825,53,75,D20190908
random_missing_160,160,random_missing,20276825,54,76,D20190920
random_missing_160,160,random_missing,20276825,55,77,D20191002
random_missing_160,160,random_missing,20276825,56,78,D20191014
random_missing_160,160,random_missing,20276825,57,80,D20191107
random_missing_160,160,random_missing,20276825,58,84,D20191225
random_missing_160,160,random_missing,20276825,59,85,D20200106
random_missing_160,160,random_missing,20276825,60,86,D20200118
random_missing_160,160,random_missing,20276825,61,90,D20200306
random_missing_160,160,random_missing,20276825,62,92,D20200330
random_missing_160,160,random_missing,20276825,63,94,D20200423
random_missing_160,160,random_missing,20276825,64,96,D20200517
random_missing_160,160,random_missing,20276825,65,99,D20200622
random_missing_160,160,random_missing,20276825,66,100,D20200704
random_missing_160,160,random_missing,20276825,67,101,D20200716
random_missing_160,160,random_missing,20276825,68,104,D20200821
random_missing_160,160,random_missing,20276825,69,107,D20200926
random_missing_160,160,random_missing,20276825,70,108,D20201008
random_missing_160,160,random_missing,20276825,71,109,D20201020
random_missing_160,160,random_missing,20276825,72,110,D20201101
random_missing_160,160,random_missing,20276825,73,111,D20201113
random_missing_160,160,random_missing,20276825,74,112,D20201125
random_missing_160,160,random_missing,20276825,75,114,D20201219
random_missing_160,160,random_missing,20276825,76,117,D20210124
random_missing_160,160,random_missing,20276825,77,121,D20210313
random_missing_160,160,random_missing,20276825,78,122,D20210325
random_missing_160,160,random_missing,20276825,79,123,D20210406
random_missing_160,160,random_missing,20276825,80,126,D20210512
random_missing_160,160,random_missing,20276825,81,127,D20210524
random_missing_160,160,random_missing,20276825,82,129,D20210617
random_missing_160,160,random_missing,20276825,83,131,D20210711
random_missing_160,160,random_missing,20276825,84,132,D20210723
random_missing_160,160,random_missing,20276825,85,133,D20210804
random_missing_160,160,random_missing,20276825,86,134,D20210816
random_missing_160,160,random_missing,20276825,87,137,D20210921
random_missing_160,160,random_missing,20276825,88,138,D20211003
random_missing_160,160,random_missing,20276825,89,140,D20211027
random_missing_160,160,random_missing,20276825,90,142,D20211120
random_missing_160,160,random_missing,20276825,91,143,D20211202
random_missing_160,160,random_missing,20276825,92,145,D20211226
random_missing_160,160,random_missing,20276825,93,146,D20220107
random_missing_160,160,random_missing,20276825,94,147,D20220119
random_missing_160,160,random_missing,20276825,95,148,D20220131
random_missing_160,160,random_missing,20276825,96,150,D20220224
random_missing_160,160,random_missing,20276825,97,151,D20220308
random_missing_160,160,random_missing,20276825,98,158,D20220531
random_missing_160,160,random_missing,20276825,99,159,D20220612
random_missing_160,160,random_missing,20276825,100,161,D20220706
random_missing_160,160,random_missing,20276825,101,163,D20220730
random_missing_160,160,random_missing,20276825,102,165,D20220823
random_missing_160,160,random_missing,20276825,103,166,D20220904
random_missing_160,160,random_missing,20276825,104,167,D20220916
random_missing_160,160,random_missing,20276825,105,168,D20220928
random_missing_160,160,random_missing,20276825,106,169,D20221010
random_missing_160,160,random_missing,20276825,107,170,D20221022
random_missing_160,160,random_missing,20276825,108,171,D20221103
random_missing_160,160,random_missing,20276825,109,172,D20221115
random_missing_160,160,random_missing,20276825,110,173,D20221127
random_missing_160,160,random_missing,20276825,111,175,D20221221
random_missing_160,160,random_missing,20276825,112,176,D20230102
random_missing_160,160,random_missing,20276825,113,178,D20230126
random_missing_160,160,random_missing,20276825,114,179,D20230207
random_missing_160,160,random_missing,20276825,115,180,D20230219
random_missing_160,160,random_missing,20276825,116,183,D20230327
random_missing_160,160,random_missing,20276825,117,184,D20230408
random_missing_160,160,random_missing,20276825,118,185,D20230420
random_missing_160,160,random_missing,20276825,119,187,D20230514
random_missing_160,160,random_missing,20276825,120,188,D20230526
random_missing_160,160,random_missing,20276825,121,190,D20230619
random_missing_160,160,random_missing,20276825,122,197,D20230911
random_missing_160,160,random_missing,20276825,123,198,D20230923
random_missing_160,160,random_missing,20276825,124,199,D20231005
random_missing_160,160,random_missing,20276825,125,200,D20231017
random_missing_160,160,random_missing,20276825,126,202,D20231110
random_missing_160,160,random_missing,20276825,127,203,D20231122
random_missing_160,160,random_missing,20276825,128,206,D20231228
random_missing_160,160,random_missing,20276825,129,210,D20240214
random_missing_160,160,random_missing,20276825,130,211,D20240226
random_missing_160,160,random_missing,20276825,131,213,D20240321
random_missing_160,160,random_missing,20276825,132,214,D20240402
random_missing_160,160,random_missing,20276825,133,215,D20240414
random_missing_160,160,random_missing,20276825,134,216,D20240426
random_missing_160,160,random_missing,20276825,135,217,D20240508
random_missing_160,160,random_missing,20276825,136,219,D20240601
random_missing_160,160,random_missing,20276825,137,221,D20240625
random_missing_160,160,random_missing,20276825,138,222,D20240707
random_missing_160,160,random_missing,20276825,139,224,D20240731
random_missing_160,160,random_missing,20276825,140,225,D20240812
random_missing_160,160,random_missing,20276825,141,226,D20240824
random_missing_160,160,random_missing,20276825,142,227,D20240905
random_missing_160,160,random_missing,20276825,143,228,D20240917
random_missing_160,160,random_missing,20276825,144,229,D20240929
random_missing_160,160,random_missing,20276825,145,230,D20241011
random_missing_160,160,random_missing,20276825,146,231,D20241023
random_missing_160,160,random_missing,20276825,147,232,D20241104
random_missing_160,160,random_missing,20276825,148,233,D20241116
random_missing_160,160,random_missing,20276825,149,234,D20241128
random_missing_160,160,random_missing,20276825,150,235,D20241210
random_missing_160,160,random_missing,20276825,151,236,D20241222
random_missing_160,160,random_missing,20276825,152,237,D20250103
random_missing_160,160,random_missing,20276825,153,238,D20250115
random_missing_160,160,random_missing,20276825,154,240,D20250208
random_missing_160,160,random_missing,20276825,155,241,D20250220
random_missing_160,160,random_missing,20276825,156,242,D20250304
random_missing_160,160,random_missing,20276825,157,245,D20250409
random_missing_160,160,random_missing,20276825,158,246,D20250421
random_missing_160,160,random_missing,20276825,159,247,D20250503
continuous_gap_160,160,continuous_gap,20276826,0,0,D20170322
continuous_gap_160,160,continuous_gap,20276826,1,1,D20170403
continuous_gap_160,160,continuous_gap,20276826,2,2,D20170415
continuous_gap_160,160,continuous_gap,20276826,3,3,D20170427
continuous_gap_160,160,continuous_gap,20276826,4,4,D20170509
continuous_gap_160,160,continuous_gap,20276826,5,5,D20170521
continuous_gap_160,160,continuous_gap,20276826,6,6,D20170602
continuous_gap_160,160,continuous_gap,20276826,7,7,D20170614
continuous_gap_160,160,continuous_gap,20276826,8,8,D20170626
continuous_gap_160,160,continuous_gap,20276826,9,9,D20170708
continuous_gap_160,160,continuous_gap,20276826,10,10,D20170720
continuous_gap_160,160,continuous_gap,20276826,11,11,D20170801
continuous_gap_160,160,continuous_gap,20276826,12,12,D20170813
continuous_gap_160,160,continuous_gap,20276826,13,13,D20170825
continuous_gap_160,160,continuous_gap,20276826,14,14,D20170906
continuous_gap_160,160,continuous_gap,20276826,15,15,D20170918
continuous_gap_160,160,continuous_gap,20276826,16,16,D20170930
continuous_gap_160,160,continuous_gap,20276826,17,17,D20171012
continuous_gap_160,160,continuous_gap,20276826,18,18,D20171024
continuous_gap_160,160,continuous_gap,20276826,19,19,D20171105
continuous_gap_160,160,continuous_gap,20276826,20,20,D20171117
continuous_gap_160,160,continuous_gap,20276826,21,21,D20171129
continuous_gap_160,160,continuous_gap,20276826,22,22,D20171211
continuous_gap_160,160,continuous_gap,20276826,23,23,D20171223
continuous_gap_160,160,continuous_gap,20276826,24,24,D20180104
continuous_gap_160,160,continuous_gap,20276826,25,25,D20180116
continuous_gap_160,160,continuous_gap,20276826,26,26,D20180128
continuous_gap_160,160,continuous_gap,20276826,27,27,D20180209
continuous_gap_160,160,continuous_gap,20276826,28,28,D20180221
continuous_gap_160,160,continuous_gap,20276826,29,29,D20180305
continuous_gap_160,160,continuous_gap,20276826,30,30,D20180317
continuous_gap_160,160,continuous_gap,20276826,31,31,D20180329
continuous_gap_160,160,continuous_gap,20276826,32,32,D20180410
continuous_gap_160,160,continuous_gap,20276826,33,33,D20180422
continuous_gap_160,160,continuous_gap,20276826,34,34,D20180504
continuous_gap_160,160,continuous_gap,20276826,35,35,D20180516
continuous_gap_160,160,continuous_gap,20276826,36,36,D20180528
continuous_gap_160,160,continuous_gap,20276826,37,37,D20180609
continuous_gap_160,160,continuous_gap,20276826,38,38,D20180621
continuous_gap_160,160,continuous_gap,20276826,39,39,D20180703
continuous_gap_160,160,continuous_gap,20276826,40,40,D20180715
continuous_gap_160,160,continuous_gap,20276826,41,41,D20180727
continuous_gap_160,160,continuous_gap,20276826,42,42,D20180808
continuous_gap_160,160,continuous_gap,20276826,43,43,D20180820
continuous_gap_160,160,continuous_gap,20276826,44,44,D20180901
continuous_gap_160,160,continuous_gap,20276826,45,45,D20180913
continuous_gap_160,160,continuous_gap,20276826,46,46,D20180925
continuous_gap_160,160,continuous_gap,20276826,47,47,D20181007
continuous_gap_160,160,continuous_gap,20276826,48,48,D20181019
continuous_gap_160,160,continuous_gap,20276826,49,49,D20181031
continuous_gap_160,160,continuous_gap,20276826,50,50,D20181112
continuous_gap_160,160,continuous_gap,20276826,51,51,D20181124
continuous_gap_160,160,continuous_gap,20276826,52,52,D20181206
continuous_gap_160,160,continuous_gap,20276826,53,53,D20181218
continuous_gap_160,160,continuous_gap,20276826,54,54,D20181230
continuous_gap_160,160,continuous_gap,20276826,55,55,D20190111
continuous_gap_160,160,continuous_gap,20276826,56,56,D20190123
continuous_gap_160,160,continuous_gap,20276826,57,57,D20190204
continuous_gap_160,160,continuous_gap,20276826,58,58,D20190216
continuous_gap_160,160,continuous_gap,20276826,59,59,D20190228
continuous_gap_160,160,continuous_gap,20276826,60,60,D20190312
continuous_gap_160,160,continuous_gap,20276826,61,61,D20190324
continuous_gap_160,160,continuous_gap,20276826,62,62,D20190405
continuous_gap_160,160,continuous_gap,20276826,63,151,D20220308
continuous_gap_160,160,continuous_gap,20276826,64,152,D20220320
continuous_gap_160,160,continuous_gap,20276826,65,153,D20220401
continuous_gap_160,160,continuous_gap,20276826,66,154,D20220413
continuous_gap_160,160,continuous_gap,20276826,67,155,D20220425
continuous_gap_160,160,continuous_gap,20276826,68,156,D20220507
continuous_gap_160,160,continuous_gap,20276826,69,157,D20220519
continuous_gap_160,160,continuous_gap,20276826,70,158,D20220531
continuous_gap_160,160,continuous_gap,20276826,71,159,D20220612
continuous_gap_160,160,continuous_gap,20276826,72,160,D20220624
continuous_gap_160,160,continuous_gap,20276826,73,161,D20220706
continuous_gap_160,160,continuous_gap,20276826,74,162,D20220718
continuous_gap_160,160,continuous_gap,20276826,75,163,D20220730
continuous_gap_160,160,continuous_gap,20276826,76,164,D20220811
continuous_gap_160,160,continuous_gap,20276826,77,165,D20220823
continuous_gap_160,160,continuous_gap,20276826,78,166,D20220904
continuous_gap_160,160,continuous_gap,20276826,79,167,D20220916
continuous_gap_160,160,continuous_gap,20276826,80,168,D20220928
continuous_gap_160,160,continuous_gap,20276826,81,169,D20221010
continuous_gap_160,160,continuous_gap,20276826,82,170,D20221022
continuous_gap_160,160,continuous_gap,20276826,83,171,D20221103
continuous_gap_160,160,continuous_gap,20276826,84,172,D20221115
continuous_gap_160,160,continuous_gap,20276826,85,173,D20221127
continuous_gap_160,160,continuous_gap,20276826,86,174,D20221209
continuous_gap_160,160,continuous_gap,20276826,87,175,D20221221
continuous_gap_160,160,continuous_gap,20276826,88,176,D20230102
continuous_gap_160,160,continuous_gap,20276826,89,177,D20230114
continuous_gap_160,160,continuous_gap,20276826,90,178,D20230126
continuous_gap_160,160,continuous_gap,20276826,91,179,D20230207
continuous_gap_160,160,continuous_gap,20276826,92,180,D20230219
continuous_gap_160,160,continuous_gap,20276826,93,181,D20230303
continuous_gap_160,160,continuous_gap,20276826,94,182,D20230315
continuous_gap_160,160,continuous_gap,20276826,95,183,D20230327
continuous_gap_160,160,continuous_gap,20276826,96,184,D20230408
continuous_gap_160,160,continuous_gap,20276826,97,185,D20230420
continuous_gap_160,160,continuous_gap,20276826,98,186,D20230502
continuous_gap_160,160,continuous_gap,20276826,99,187,D20230514
continuous_gap_160,160,continuous_gap,20276826,100,188,D20230526
continuous_gap_160,160,continuous_gap,20276826,101,189,D20230607
continuous_gap_160,160,continuous_gap,20276826,102,190,D20230619
continuous_gap_160,160,continuous_gap,20276826,103,191,D20230701
continuous_gap_160,160,continuous_gap,20276826,104,192,D20230713
continuous_gap_160,160,continuous_gap,20276826,105,193,D20230725
continuous_gap_160,160,continuous_gap,20276826,106,194,D20230806
continuous_gap_160,160,continuous_gap,20276826,107,195,D20230818
continuous_gap_160,160,continuous_gap,20276826,108,196,D20230830
continuous_gap_160,160,continuous_gap,20276826,109,197,D20230911
continuous_gap_160,160,continuous_gap,20276826,110,198,D20230923
continuous_gap_160,160,continuous_gap,20276826,111,199,D20231005
continuous_gap_160,160,continuous_gap,20276826,112,200,D20231017
continuous_gap_160,160,continuous_gap,20276826,113,201,D20231029
continuous_gap_160,160,continuous_gap,20276826,114,202,D20231110
continuous_gap_160,160,continuous_gap,20276826,115,203,D20231122
continuous_gap_160,160,continuous_gap,20276826,116,204,D20231204
continuous_gap_160,160,continuous_gap,20276826,117,205,D20231216
continuous_gap_160,160,continuous_gap,20276826,118,206,D20231228
continuous_gap_160,160,continuous_gap,20276826,119,207,D20240109
continuous_gap_160,160,continuous_gap,20276826,120,208,D20240121
continuous_gap_160,160,continuous_gap,20276826,121,209,D20240202
continuous_gap_160,160,continuous_gap,20276826,122,210,D20240214
continuous_gap_160,160,continuous_gap,20276826,123,211,D20240226
continuous_gap_160,160,continuous_gap,20276826,124,212,D20240309
continuous_gap_160,160,continuous_gap,20276826,125,213,D20240321
continuous_gap_160,160,continuous_gap,20276826,126,214,D20240402
continuous_gap_160,160,continuous_gap,20276826,127,215,D20240414
continuous_gap_160,160,continuous_gap,20276826,128,216,D20240426
continuous_gap_160,160,continuous_gap,20276826,129,217,D20240508
continuous_gap_160,160,continuous_gap,20276826,130,218,D20240520
continuous_gap_160,160,continuous_gap,20276826,131,219,D20240601
continuous_gap_160,160,continuous_gap,20276826,132,220,D20240613
continuous_gap_160,160,continuous_gap,20276826,133,221,D20240625
continuous_gap_160,160,continuous_gap,20276826,134,222,D20240707
continuous_gap_160,160,continuous_gap,20276826,135,223,D20240719
continuous_gap_160,160,continuous_gap,20276826,136,224,D20240731
continuous_gap_160,160,continuous_gap,20276826,137,225,D20240812
continuous_gap_160,160,continuous_gap,20276826,138,226,D20240824
continuous_gap_160,160,continuous_gap,20276826,139,227,D20240905
continuous_gap_160,160,continuous_gap,20276826,140,228,D20240917
continuous_gap_160,160,continuous_gap,20276826,141,229,D20240929
continuous_gap_160,160,continuous_gap,20276826,142,230,D20241011
continuous_gap_160,160,continuous_gap,20276826,143,231,D20241023
continuous_gap_160,160,continuous_gap,20276826,144,232,D20241104
continuous_gap_160,160,continuous_gap,20276826,145,233,D20241116
continuous_gap_160,160,continuous_gap,20276826,146,234,D20241128
continuous_gap_160,160,continuous_gap,20276826,147,235,D20241210
continuous_gap_160,160,continuous_gap,20276826,148,236,D20241222
continuous_gap_160,160,continuous_gap,20276826,149,237,D20250103
continuous_gap_160,160,continuous_gap,20276826,150,238,D20250115
continuous_gap_160,160,continuous_gap,20276826,151,239,D20250127
continuous_gap_160,160,continuous_gap,20276826,152,240,D20250208
continuous_gap_160,160,continuous_gap,20276826,153,241,D20250220
continuous_gap_160,160,continuous_gap,20276826,154,242,D20250304
continuous_gap_160,160,continuous_gap,20276826,155,243,D20250316
continuous_gap_160,160,continuous_gap,20276826,156,244,D20250328
continuous_gap_160,160,continuous_gap,20276826,157,245,D20250409
continuous_gap_160,160,continuous_gap,20276826,158,246,D20250421
continuous_gap_160,160,continuous_gap,20276826,159,247,D20250503
front_dense_back_sparse_160,160,front_dense_back_sparse,20276827,0,0,D20170322
front_dense_back_sparse_160,160,front_dense_back_sparse,20276827,1,1,D20170403
front_dense_back_sparse_160,160,front_dense_back_sparse,20276827,2,2,D20170415
front_dense_back_sparse_160,160,front_dense_back_sparse,20276827,3,3,D20170427
front_dense_back_sparse_160,160,front_dense_back_sparse,20276827,4,4,D20170509
front_dense_back_sparse_160,160,front_dense_back_sparse,20276827,5,6,D20170602
front_dense_back_sparse_160,160,front_dense_back_sparse,20276827,6,7,D20170614
front_dense_back_sparse_160,160,front_dense_back_sparse,20276827,7,8,D20170626
front_dense_back_sparse_160,160,front_dense_back_sparse,20276827,8,9,D20170708
front_dense_back_sparse_160,160,front_dense_back_sparse,20276827,9,10,D20170720
front_dense_back_sparse_160,160,front_dense_back_sparse,20276827,10,11,D20170801
front_dense_back_sparse_160,160,front_dense_back_sparse,20276827,11,12,D20170813
front_dense_back_sparse_160,160,front_dense_back_sparse,20276827,12,13,D20170825
front_dense_back_sparse_160,160,front_dense_back_sparse,20276827,13,14,D20170906
front_dense_back_sparse_160,160,front_dense_back_sparse,20276827,14,16,D20170930
front_dense_back_sparse_160,160,front_dense_back_sparse,20276827,15,17,D20171012
front_dense_back_sparse_160,160,front_dense_back_sparse,20276827,16,18,D20171024
front_dense_back_sparse_160,160,front_dense_back_sparse,20276827,17,19,D20171105
front_dense_back_sparse_160,160,front_dense_back_sparse,20276827,18,20,D20171117
front_dense_back_sparse_160,160,front_dense_back_sparse,20276827,19,21,D20171129
front_dense_back_sparse_160,160,front_dense_back_sparse,20276827,20,22,D20171211
front_dense_back_sparse_160,160,front_dense_back_sparse,20276827,21,23,D20171223
front_dense_back_sparse_160,160,front_dense_back_sparse,20276827,22,24,D20180104
front_dense_back_sparse_160,160,front_dense_back_sparse,20276827,23,25,D20180116
front_dense_back_sparse_160,160,front_dense_back_sparse,20276827,24,27,D20180209
front_dense_back_sparse_160,160,front_dense_back_sparse,20276827,25,28,D20180221
front_dense_back_sparse_160,160,front_dense_back_sparse,20276827,26,29,D20180305
front_dense_back_sparse_160,160,front_dense_back_sparse,20276827,27,30,D20180317
front_dense_back_sparse_160,160,front_dense_back_sparse,20276827,28,31,D20180329
front_dense_back_sparse_160,160,front_dense_back_sparse,20276827,29,32,D20180410
front_dense_back_sparse_160,160,front_dense_back_sparse,20276827,30,33,D20180422
front_dense_back_sparse_160,160,front_dense_back_sparse,20276827,31,34,D20180504
front_dense_back_sparse_160,160,front_dense_back_sparse,20276827,32,35,D20180516
front_dense_back_sparse_160,160,front_dense_back_sparse,20276827,33,37,D20180609
front_dense_back_sparse_160,160,front_dense_back_sparse,20276827,34,38,D20180621
front_dense_back_sparse_160,160,front_dense_back_sparse,20276827,35,39,D20180703
front_dense_back_sparse_160,160,front_dense_back_sparse,20276827,36,40,D20180715
front_dense_back_sparse_160,160,front_dense_back_sparse,20276827,37,41,D20180727
front_dense_back_sparse_160,160,front_dense_back_sparse,20276827,38,42,D20180808
front_dense_back_sparse_160,160,front_dense_back_sparse,20276827,39,43,D20180820
front_dense_back_sparse_160,160,front_dense_back_sparse,20276827,40,44,D20180901
front_dense_back_sparse_160,160,front_dense_back_sparse,20276827,41,45,D20180913
front_dense_back_sparse_160,160,front_dense_back_sparse,20276827,42,47,D20181007
front_dense_back_sparse_160,160,front_dense_back_sparse,20276827,43,48,D20181019
front_dense_back_sparse_160,160,front_dense_back_sparse,20276827,44,49,D20181031
front_dense_back_sparse_160,160,front_dense_back_sparse,20276827,45,50,D20181112
front_dense_back_sparse_160,160,front_dense_back_sparse,20276827,46,51,D20181124
front_dense_back_sparse_160,160,front_dense_back_sparse,20276827,47,52,D20181206
front_dense_back_sparse_160,160,front_dense_back_sparse,20276827,48,53,D20181218
front_dense_back_sparse_160,160,front_dense_back_sparse,20276827,49,54,D20181230
front_dense_back_sparse_160,160,front_dense_back_sparse,20276827,50,55,D20190111
front_dense_back_sparse_160,160,front_dense_back_sparse,20276827,51,57,D20190204
front_dense_back_sparse_160,160,front_dense_back_sparse,20276827,52,58,D20190216
front_dense_back_sparse_160,160,front_dense_back_sparse,20276827,53,59,D20190228
front_dense_back_sparse_160,160,front_dense_back_sparse,20276827,54,60,D20190312
front_dense_back_sparse_160,160,front_dense_back_sparse,20276827,55,61,D20190324
front_dense_back_sparse_160,160,front_dense_back_sparse,20276827,56,62,D20190405
front_dense_back_sparse_160,160,front_dense_back_sparse,20276827,57,63,D20190417
front_dense_back_sparse_160,160,front_dense_back_sparse,20276827,58,64,D20190429
front_dense_back_sparse_160,160,front_dense_back_sparse,20276827,59,65,D20190511
front_dense_back_sparse_160,160,front_dense_back_sparse,20276827,60,66,D20190523
front_dense_back_sparse_160,160,front_dense_back_sparse,20276827,61,68,D20190616
front_dense_back_sparse_160,160,front_dense_back_sparse,20276827,62,69,D20190628
front_dense_back_sparse_160,160,front_dense_back_sparse,20276827,63,70,D20190710
front_dense_back_sparse_160,160,front_dense_back_sparse,20276827,64,71,D20190722
front_dense_back_sparse_160,160,front_dense_back_sparse,20276827,65,72,D20190803
front_dense_back_sparse_160,160,front_dense_back_sparse,20276827,66,73,D20190815
front_dense_back_sparse_160,160,front_dense_back_sparse,20276827,67,74,D20190827
front_dense_back_sparse_160,160,front_dense_back_sparse,20276827,68,75,D20190908
front_dense_back_sparse_160,160,front_dense_back_sparse,20276827,69,76,D20190920
front_dense_back_sparse_160,160,front_dense_back_sparse,20276827,70,78,D20191014
front_dense_back_sparse_160,160,front_dense_back_sparse,20276827,71,79,D20191026
front_dense_back_sparse_160,160,front_dense_back_sparse,20276827,72,80,D20191107
front_dense_back_sparse_160,160,front_dense_back_sparse,20276827,73,81,D20191119
front_dense_back_sparse_160,160,front_dense_back_sparse,20276827,74,82,D20191201
front_dense_back_sparse_160,160,front_dense_back_sparse,20276827,75,83,D20191213
front_dense_back_sparse_160,160,front_dense_back_sparse,20276827,76,84,D20191225
front_dense_back_sparse_160,160,front_dense_back_sparse,20276827,77,85,D20200106
front_dense_back_sparse_160,160,front_dense_back_sparse,20276827,78,86,D20200118
front_dense_back_sparse_160,160,front_dense_back_sparse,20276827,79,88,D20200211
front_dense_back_sparse_160,160,front_dense_back_sparse,20276827,80,89,D20200223
front_dense_back_sparse_160,160,front_dense_back_sparse,20276827,81,90,D20200306
front_dense_back_sparse_160,160,front_dense_back_sparse,20276827,82,91,D20200318
front_dense_back_sparse_160,160,front_dense_back_sparse,20276827,83,92,D20200330
front_dense_back_sparse_160,160,front_dense_back_sparse,20276827,84,93,D20200411
front_dense_back_sparse_160,160,front_dense_back_sparse,20276827,85,94,D20200423
front_dense_back_sparse_160,160,front_dense_back_sparse,20276827,86,95,D20200505
front_dense_back_sparse_160,160,front_dense_back_sparse,20276827,87,96,D20200517
front_dense_back_sparse_160,160,front_dense_back_sparse,20276827,88,98,D20200610
front_dense_back_sparse_160,160,front_dense_back_sparse,20276827,89,99,D20200622
front_dense_back_sparse_160,160,front_dense_back_sparse,20276827,90,100,D20200704
front_dense_back_sparse_160,160,front_dense_back_sparse,20276827,91,101,D20200716
front_dense_back_sparse_160,160,front_dense_back_sparse,20276827,92,102,D20200728
front_dense_back_sparse_160,160,front_dense_back_sparse,20276827,93,103,D20200809
front_dense_back_sparse_160,160,front_dense_back_sparse,20276827,94,104,D20200821
front_dense_back_sparse_160,160,front_dense_back_sparse,20276827,95,105,D20200902
front_dense_back_sparse_160,160,front_dense_back_sparse,20276827,96,106,D20200914
front_dense_back_sparse_160,160,front_dense_back_sparse,20276827,97,107,D20200926
front_dense_back_sparse_160,160,front_dense_back_sparse,20276827,98,109,D20201020
front_dense_back_sparse_160,160,front_dense_back_sparse,20276827,99,110,D20201101
front_dense_back_sparse_160,160,front_dense_back_sparse,20276827,100,111,D20201113
front_dense_back_sparse_160,160,front_dense_back_sparse,20276827,101,112,D20201125
front_dense_back_sparse_160,160,front_dense_back_sparse,20276827,102,113,D20201207
front_dense_back_sparse_160,160,front_dense_back_sparse,20276827,103,114,D20201219
front_dense_back_sparse_160,160,front_dense_back_sparse,20276827,104,115,D20201231
front_dense_back_sparse_160,160,front_dense_back_sparse,20276827,105,116,D20210112
front_dense_back_sparse_160,160,front_dense_back_sparse,20276827,106,117,D20210124
front_dense_back_sparse_160,160,front_dense_back_sparse,20276827,107,119,D20210217
front_dense_back_sparse_160,160,front_dense_back_sparse,20276827,108,120,D20210301
front_dense_back_sparse_160,160,front_dense_back_sparse,20276827,109,121,D20210313
front_dense_back_sparse_160,160,front_dense_back_sparse,20276827,110,122,D20210325
front_dense_back_sparse_160,160,front_dense_back_sparse,20276827,111,123,D20210406
front_dense_back_sparse_160,160,front_dense_back_sparse,20276827,112,124,D20210418
front_dense_back_sparse_160,160,front_dense_back_sparse,20276827,113,127,D20210524
front_dense_back_sparse_160,160,front_dense_back_sparse,20276827,114,129,D20210617
front_dense_back_sparse_160,160,front_dense_back_sparse,20276827,115,132,D20210723
front_dense_back_sparse_160,160,front_dense_back_sparse,20276827,116,134,D20210816
front_dense_back_sparse_160,160,front_dense_back_sparse,20276827,117,137,D20210921
front_dense_back_sparse_160,160,front_dense_back_sparse,20276827,118,140,D20211027
front_dense_back_sparse_160,160,front_dense_back_sparse,20276827,119,142,D20211120
front_dense_back_sparse_160,160,front_dense_back_sparse,20276827,120,145,D20211226
front_dense_back_sparse_160,160,front_dense_back_sparse,20276827,121,148,D20220131
front_dense_back_sparse_160,160,front_dense_back_sparse,20276827,122,150,D20220224
front_dense_back_sparse_160,160,front_dense_back_sparse,20276827,123,153,D20220401
front_dense_back_sparse_160,160,front_dense_back_sparse,20276827,124,155,D20220425
front_dense_back_sparse_160,160,front_dense_back_sparse,20276827,125,158,D20220531
front_dense_back_sparse_160,160,front_dense_back_sparse,20276827,126,161,D20220706
front_dense_back_sparse_160,160,front_dense_back_sparse,20276827,127,163,D20220730
front_dense_back_sparse_160,160,front_dense_back_sparse,20276827,128,166,D20220904
front_dense_back_sparse_160,160,front_dense_back_sparse,20276827,129,168,D20220928
front_dense_back_sparse_160,160,front_dense_back_sparse,20276827,130,171,D20221103
front_dense_back_sparse_160,160,front_dense_back_sparse,20276827,131,174,D20221209
front_dense_back_sparse_160,160,front_dense_back_sparse,20276827,132,176,D20230102
front_dense_back_sparse_160,160,front_dense_back_sparse,20276827,133,179,D20230207
front_dense_back_sparse_160,160,front_dense_back_sparse,20276827,134,182,D20230315
front_dense_back_sparse_160,160,front_dense_back_sparse,20276827,135,184,D20230408
front_dense_back_sparse_160,160,front_dense_back_sparse,20276827,136,187,D20230514
front_dense_back_sparse_160,160,front_dense_back_sparse,20276827,137,189,D20230607
front_dense_back_sparse_160,160,front_dense_back_sparse,20276827,138,192,D20230713
front_dense_back_sparse_160,160,front_dense_back_sparse,20276827,139,195,D20230818
front_dense_back_sparse_160,160,front_dense_back_sparse,20276827,140,197,D20230911
front_dense_back_sparse_160,160,front_dense_back_sparse,20276827,141,200,D20231017
front_dense_back_sparse_160,160,front_dense_back_sparse,20276827,142,203,D20231122
front_dense_back_sparse_160,160,front_dense_back_sparse,20276827,143,205,D20231216
front_dense_back_sparse_160,160,front_dense_back_sparse,20276827,144,208,D20240121
front_dense_back_sparse_160,160,front_dense_back_sparse,20276827,145,210,D20240214
front_dense_back_sparse_160,160,front_dense_back_sparse,20276827,146,213,D20240321
front_dense_back_sparse_160,160,front_dense_back_sparse,20276827,147,216,D20240426
front_dense_back_sparse_160,160,front_dense_back_sparse,20276827,148,218,D20240520
front_dense_back_sparse_160,160,front_dense_back_sparse,20276827,149,221,D20240625
front_dense_back_sparse_160,160,front_dense_back_sparse,20276827,150,223,D20240719
front_dense_back_sparse_160,160,front_dense_back_sparse,20276827,151,226,D20240824
front_dense_back_sparse_160,160,front_dense_back_sparse,20276827,152,229,D20240929
front_dense_back_sparse_160,160,front_dense_back_sparse,20276827,153,231,D20241023
front_dense_back_sparse_160,160,front_dense_back_sparse,20276827,154,234,D20241128
front_dense_back_sparse_160,160,front_dense_back_sparse,20276827,155,237,D20250103
front_dense_back_sparse_160,160,front_dense_back_sparse,20276827,156,239,D20250127
front_dense_back_sparse_160,160,front_dense_back_sparse,20276827,157,242,D20250304
front_dense_back_sparse_160,160,front_dense_back_sparse,20276827,158,244,D20250328
front_dense_back_sparse_160,160,front_dense_back_sparse,20276827,159,247,D20250503
front_sparse_back_dense_160,160,front_sparse_back_dense,20276828,0,0,D20170322
front_sparse_back_dense_160,160,front_sparse_back_dense,20276828,1,3,D20170427
front_sparse_back_dense_160,160,front_sparse_back_dense,20276828,2,5,D20170521
front_sparse_back_dense_160,160,front_sparse_back_dense,20276828,3,8,D20170626
front_sparse_back_dense_160,160,front_sparse_back_dense,20276828,4,10,D20170720
front_sparse_back_dense_160,160,front_sparse_back_dense,20276828,5,13,D20170825
front_sparse_back_dense_160,160,front_sparse_back_dense,20276828,6,16,D20170930
front_sparse_back_dense_160,160,front_sparse_back_dense,20276828,7,18,D20171024
front_sparse_back_dense_160,160,front_sparse_back_dense,20276828,8,21,D20171129
front_sparse_back_dense_160,160,front_sparse_back_dense,20276828,9,24,D20180104
front_sparse_back_dense_160,160,front_sparse_back_dense,20276828,10,26,D20180128
front_sparse_back_dense_160,160,front_sparse_back_dense,20276828,11,29,D20180305
front_sparse_back_dense_160,160,front_sparse_back_dense,20276828,12,31,D20180329
front_sparse_back_dense_160,160,front_sparse_back_dense,20276828,13,34,D20180504
front_sparse_back_dense_160,160,front_sparse_back_dense,20276828,14,37,D20180609
front_sparse_back_dense_160,160,front_sparse_back_dense,20276828,15,39,D20180703
front_sparse_back_dense_160,160,front_sparse_back_dense,20276828,16,42,D20180808
front_sparse_back_dense_160,160,front_sparse_back_dense,20276828,17,44,D20180901
front_sparse_back_dense_160,160,front_sparse_back_dense,20276828,18,47,D20181007
front_sparse_back_dense_160,160,front_sparse_back_dense,20276828,19,50,D20181112
front_sparse_back_dense_160,160,front_sparse_back_dense,20276828,20,52,D20181206
front_sparse_back_dense_160,160,front_sparse_back_dense,20276828,21,55,D20190111
front_sparse_back_dense_160,160,front_sparse_back_dense,20276828,22,58,D20190216
front_sparse_back_dense_160,160,front_sparse_back_dense,20276828,23,60,D20190312
front_sparse_back_dense_160,160,front_sparse_back_dense,20276828,24,63,D20190417
front_sparse_back_dense_160,160,front_sparse_back_dense,20276828,25,65,D20190511
front_sparse_back_dense_160,160,front_sparse_back_dense,20276828,26,68,D20190616
front_sparse_back_dense_160,160,front_sparse_back_dense,20276828,27,71,D20190722
front_sparse_back_dense_160,160,front_sparse_back_dense,20276828,28,73,D20190815
front_sparse_back_dense_160,160,front_sparse_back_dense,20276828,29,76,D20190920
front_sparse_back_dense_160,160,front_sparse_back_dense,20276828,30,79,D20191026
front_sparse_back_dense_160,160,front_sparse_back_dense,20276828,31,81,D20191119
front_sparse_back_dense_160,160,front_sparse_back_dense,20276828,32,84,D20191225
front_sparse_back_dense_160,160,front_sparse_back_dense,20276828,33,86,D20200118
front_sparse_back_dense_160,160,front_sparse_back_dense,20276828,34,89,D20200223
front_sparse_back_dense_160,160,front_sparse_back_dense,20276828,35,92,D20200330
front_sparse_back_dense_160,160,front_sparse_back_dense,20276828,36,94,D20200423
front_sparse_back_dense_160,160,front_sparse_back_dense,20276828,37,97,D20200529
front_sparse_back_dense_160,160,front_sparse_back_dense,20276828,38,99,D20200622
front_sparse_back_dense_160,160,front_sparse_back_dense,20276828,39,102,D20200728
front_sparse_back_dense_160,160,front_sparse_back_dense,20276828,40,105,D20200902
front_sparse_back_dense_160,160,front_sparse_back_dense,20276828,41,107,D20200926
front_sparse_back_dense_160,160,front_sparse_back_dense,20276828,42,110,D20201101
front_sparse_back_dense_160,160,front_sparse_back_dense,20276828,43,113,D20201207
front_sparse_back_dense_160,160,front_sparse_back_dense,20276828,44,115,D20201231
front_sparse_back_dense_160,160,front_sparse_back_dense,20276828,45,118,D20210205
front_sparse_back_dense_160,160,front_sparse_back_dense,20276828,46,120,D20210301
front_sparse_back_dense_160,160,front_sparse_back_dense,20276828,47,123,D20210406
front_sparse_back_dense_160,160,front_sparse_back_dense,20276828,48,124,D20210418
front_sparse_back_dense_160,160,front_sparse_back_dense,20276828,49,125,D20210430
front_sparse_back_dense_160,160,front_sparse_back_dense,20276828,50,126,D20210512
front_sparse_back_dense_160,160,front_sparse_back_dense,20276828,51,127,D20210524
front_sparse_back_dense_160,160,front_sparse_back_dense,20276828,52,128,D20210605
front_sparse_back_dense_160,160,front_sparse_back_dense,20276828,53,130,D20210629
front_sparse_back_dense_160,160,front_sparse_back_dense,20276828,54,131,D20210711
front_sparse_back_dense_160,160,front_sparse_back_dense,20276828,55,132,D20210723
front_sparse_back_dense_160,160,front_sparse_back_dense,20276828,56,133,D20210804
front_sparse_back_dense_160,160,front_sparse_back_dense,20276828,57,134,D20210816
front_sparse_back_dense_160,160,front_sparse_back_dense,20276828,58,135,D20210828
front_sparse_back_dense_160,160,front_sparse_back_dense,20276828,59,136,D20210909
front_sparse_back_dense_160,160,front_sparse_back_dense,20276828,60,137,D20210921
front_sparse_back_dense_160,160,front_sparse_back_dense,20276828,61,138,D20211003
front_sparse_back_dense_160,160,front_sparse_back_dense,20276828,62,140,D20211027
front_sparse_back_dense_160,160,front_sparse_back_dense,20276828,63,141,D20211108
front_sparse_back_dense_160,160,front_sparse_back_dense,20276828,64,142,D20211120
front_sparse_back_dense_160,160,front_sparse_back_dense,20276828,65,143,D20211202
front_sparse_back_dense_160,160,front_sparse_back_dense,20276828,66,144,D20211214
front_sparse_back_dense_160,160,front_sparse_back_dense,20276828,67,145,D20211226
front_sparse_back_dense_160,160,front_sparse_back_dense,20276828,68,146,D20220107
front_sparse_back_dense_160,160,front_sparse_back_dense,20276828,69,147,D20220119
front_sparse_back_dense_160,160,front_sparse_back_dense,20276828,70,148,D20220131
front_sparse_back_dense_160,160,front_sparse_back_dense,20276828,71,149,D20220212
front_sparse_back_dense_160,160,front_sparse_back_dense,20276828,72,151,D20220308
front_sparse_back_dense_160,160,front_sparse_back_dense,20276828,73,152,D20220320
front_sparse_back_dense_160,160,front_sparse_back_dense,20276828,74,153,D20220401
front_sparse_back_dense_160,160,front_sparse_back_dense,20276828,75,154,D20220413
front_sparse_back_dense_160,160,front_sparse_back_dense,20276828,76,155,D20220425
front_sparse_back_dense_160,160,front_sparse_back_dense,20276828,77,156,D20220507
front_sparse_back_dense_160,160,front_sparse_back_dense,20276828,78,157,D20220519
front_sparse_back_dense_160,160,front_sparse_back_dense,20276828,79,158,D20220531
front_sparse_back_dense_160,160,front_sparse_back_dense,20276828,80,159,D20220612
front_sparse_back_dense_160,160,front_sparse_back_dense,20276828,81,161,D20220706
front_sparse_back_dense_160,160,front_sparse_back_dense,20276828,82,162,D20220718
front_sparse_back_dense_160,160,front_sparse_back_dense,20276828,83,163,D20220730
front_sparse_back_dense_160,160,front_sparse_back_dense,20276828,84,164,D20220811
front_sparse_back_dense_160,160,front_sparse_back_dense,20276828,85,165,D20220823
front_sparse_back_dense_160,160,front_sparse_back_dense,20276828,86,166,D20220904
front_sparse_back_dense_160,160,front_sparse_back_dense,20276828,87,167,D20220916
front_sparse_back_dense_160,160,front_sparse_back_dense,20276828,88,168,D20220928
front_sparse_back_dense_160,160,front_sparse_back_dense,20276828,89,169,D20221010
front_sparse_back_dense_160,160,front_sparse_back_dense,20276828,90,171,D20221103
front_sparse_back_dense_160,160,front_sparse_back_dense,20276828,91,172,D20221115
front_sparse_back_dense_160,160,front_sparse_back_dense,20276828,92,173,D20221127
front_sparse_back_dense_160,160,front_sparse_back_dense,20276828,93,174,D20221209
front_sparse_back_dense_160,160,front_sparse_back_dense,20276828,94,175,D20221221
front_sparse_back_dense_160,160,front_sparse_back_dense,20276828,95,176,D20230102
front_sparse_back_dense_160,160,front_sparse_back_dense,20276828,96,177,D20230114
front_sparse_back_dense_160,160,front_sparse_back_dense,20276828,97,178,D20230126
front_sparse_back_dense_160,160,front_sparse_back_dense,20276828,98,179,D20230207
front_sparse_back_dense_160,160,front_sparse_back_dense,20276828,99,181,D20230303
front_sparse_back_dense_160,160,front_sparse_back_dense,20276828,100,182,D20230315
front_sparse_back_dense_160,160,front_sparse_back_dense,20276828,101,183,D20230327
front_sparse_back_dense_160,160,front_sparse_back_dense,20276828,102,184,D20230408
front_sparse_back_dense_160,160,front_sparse_back_dense,20276828,103,185,D20230420
front_sparse_back_dense_160,160,front_sparse_back_dense,20276828,104,186,D20230502
front_sparse_back_dense_160,160,front_sparse_back_dense,20276828,105,187,D20230514
front_sparse_back_dense_160,160,front_sparse_back_dense,20276828,106,188,D20230526
front_sparse_back_dense_160,160,front_sparse_back_dense,20276828,107,189,D20230607
front_sparse_back_dense_160,160,front_sparse_back_dense,20276828,108,190,D20230619
front_sparse_back_dense_160,160,front_sparse_back_dense,20276828,109,192,D20230713
front_sparse_back_dense_160,160,front_sparse_back_dense,20276828,110,193,D20230725
front_sparse_back_dense_160,160,front_sparse_back_dense,20276828,111,194,D20230806
front_sparse_back_dense_160,160,front_sparse_back_dense,20276828,112,195,D20230818
front_sparse_back_dense_160,160,front_sparse_back_dense,20276828,113,196,D20230830
front_sparse_back_dense_160,160,front_sparse_back_dense,20276828,114,197,D20230911
front_sparse_back_dense_160,160,front_sparse_back_dense,20276828,115,198,D20230923
front_sparse_back_dense_160,160,front_sparse_back_dense,20276828,116,199,D20231005
front_sparse_back_dense_160,160,front_sparse_back_dense,20276828,117,200,D20231017
front_sparse_back_dense_160,160,front_sparse_back_dense,20276828,118,202,D20231110
front_sparse_back_dense_160,160,front_sparse_back_dense,20276828,119,203,D20231122
front_sparse_back_dense_160,160,front_sparse_back_dense,20276828,120,204,D20231204
front_sparse_back_dense_160,160,front_sparse_back_dense,20276828,121,205,D20231216
front_sparse_back_dense_160,160,front_sparse_back_dense,20276828,122,206,D20231228
front_sparse_back_dense_160,160,front_sparse_back_dense,20276828,123,207,D20240109
front_sparse_back_dense_160,160,front_sparse_back_dense,20276828,124,208,D20240121
front_sparse_back_dense_160,160,front_sparse_back_dense,20276828,125,209,D20240202
front_sparse_back_dense_160,160,front_sparse_back_dense,20276828,126,210,D20240214
front_sparse_back_dense_160,160,front_sparse_back_dense,20276828,127,212,D20240309
front_sparse_back_dense_160,160,front_sparse_back_dense,20276828,128,213,D20240321
front_sparse_back_dense_160,160,front_sparse_back_dense,20276828,129,214,D20240402
front_sparse_back_dense_160,160,front_sparse_back_dense,20276828,130,215,D20240414
front_sparse_back_dense_160,160,front_sparse_back_dense,20276828,131,216,D20240426
front_sparse_back_dense_160,160,front_sparse_back_dense,20276828,132,217,D20240508
front_sparse_back_dense_160,160,front_sparse_back_dense,20276828,133,218,D20240520
front_sparse_back_dense_160,160,front_sparse_back_dense,20276828,134,219,D20240601
front_sparse_back_dense_160,160,front_sparse_back_dense,20276828,135,220,D20240613
front_sparse_back_dense_160,160,front_sparse_back_dense,20276828,136,222,D20240707
front_sparse_back_dense_160,160,front_sparse_back_dense,20276828,137,223,D20240719
front_sparse_back_dense_160,160,front_sparse_back_dense,20276828,138,224,D20240731
front_sparse_back_dense_160,160,front_sparse_back_dense,20276828,139,225,D20240812
front_sparse_back_dense_160,160,front_sparse_back_dense,20276828,140,226,D20240824
front_sparse_back_dense_160,160,front_sparse_back_dense,20276828,141,227,D20240905
front_sparse_back_dense_160,160,front_sparse_back_dense,20276828,142,228,D20240917
front_sparse_back_dense_160,160,front_sparse_back_dense,20276828,143,229,D20240929
front_sparse_back_dense_160,160,front_sparse_back_dense,20276828,144,230,D20241011
front_sparse_back_dense_160,160,front_sparse_back_dense,20276828,145,231,D20241023
front_sparse_back_dense_160,160,front_sparse_back_dense,20276828,146,233,D20241116
front_sparse_back_dense_160,160,front_sparse_back_dense,20276828,147,234,D20241128
front_sparse_back_dense_160,160,front_sparse_back_dense,20276828,148,235,D20241210
front_sparse_back_dense_160,160,front_sparse_back_dense,20276828,149,236,D20241222
front_sparse_back_dense_160,160,front_sparse_back_dense,20276828,150,237,D20250103
front_sparse_back_dense_160,160,front_sparse_back_dense,20276828,151,238,D20250115
front_sparse_back_dense_160,160,front_sparse_back_dense,20276828,152,239,D20250127
front_sparse_back_dense_160,160,front_sparse_back_dense,20276828,153,240,D20250208
front_sparse_back_dense_160,160,front_sparse_back_dense,20276828,154,241,D20250220
front_sparse_back_dense_160,160,front_sparse_back_dense,20276828,155,243,D20250316
front_sparse_back_dense_160,160,front_sparse_back_dense,20276828,156,244,D20250328
front_sparse_back_dense_160,160,front_sparse_back_dense,20276828,157,245,D20250409
front_sparse_back_dense_160,160,front_sparse_back_dense,20276828,158,246,D20250421
front_sparse_back_dense_160,160,front_sparse_back_dense,20276828,159,247,D20250503
uniform_120,120,uniform,20272824,0,0,D20170322
uniform_120,120,uniform,20272824,1,2,D20170415
uniform_120,120,uniform,20272824,2,4,D20170509
uniform_120,120,uniform,20272824,3,6,D20170602
uniform_120,120,uniform,20272824,4,8,D20170626
uniform_120,120,uniform,20272824,5,10,D20170720
uniform_120,120,uniform,20272824,6,12,D20170813
uniform_120,120,uniform,20272824,7,15,D20170918
uniform_120,120,uniform,20272824,8,17,D20171012
uniform_120,120,uniform,20272824,9,19,D20171105
uniform_120,120,uniform,20272824,10,21,D20171129
uniform_120,120,uniform,20272824,11,23,D20171223
uniform_120,120,uniform,20272824,12,25,D20180116
uniform_120,120,uniform,20272824,13,27,D20180209
uniform_120,120,uniform,20272824,14,29,D20180305
uniform_120,120,uniform,20272824,15,31,D20180329
uniform_120,120,uniform,20272824,16,33,D20180422
uniform_120,120,uniform,20272824,17,35,D20180516
uniform_120,120,uniform,20272824,18,37,D20180609
uniform_120,120,uniform,20272824,19,39,D20180703
uniform_120,120,uniform,20272824,20,42,D20180808
uniform_120,120,uniform,20272824,21,44,D20180901
uniform_120,120,uniform,20272824,22,46,D20180925
uniform_120,120,uniform,20272824,23,48,D20181019
uniform_120,120,uniform,20272824,24,50,D20181112
uniform_120,120,uniform,20272824,25,52,D20181206
uniform_120,120,uniform,20272824,26,54,D20181230
uniform_120,120,uniform,20272824,27,56,D20190123
uniform_120,120,uniform,20272824,28,58,D20190216
uniform_120,120,uniform,20272824,29,60,D20190312
uniform_120,120,uniform,20272824,30,62,D20190405
uniform_120,120,uniform,20272824,31,64,D20190429
uniform_120,120,uniform,20272824,32,66,D20190523
uniform_120,120,uniform,20272824,33,68,D20190616
uniform_120,120,uniform,20272824,34,71,D20190722
uniform_120,120,uniform,20272824,35,73,D20190815
uniform_120,120,uniform,20272824,36,75,D20190908
uniform_120,120,uniform,20272824,37,77,D20191002
uniform_120,120,uniform,20272824,38,79,D20191026
uniform_120,120,uniform,20272824,39,81,D20191119
uniform_120,120,uniform,20272824,40,83,D20191213
uniform_120,120,uniform,20272824,41,85,D20200106
uniform_120,120,uniform,20272824,42,87,D20200130
uniform_120,120,uniform,20272824,43,89,D20200223
uniform_120,120,uniform,20272824,44,91,D20200318
uniform_120,120,uniform,20272824,45,93,D20200411
uniform_120,120,uniform,20272824,46,95,D20200505
uniform_120,120,uniform,20272824,47,98,D20200610
uniform_120,120,uniform,20272824,48,100,D20200704
uniform_120,120,uniform,20272824,49,102,D20200728
uniform_120,120,uniform,20272824,50,104,D20200821
uniform_120,120,uniform,20272824,51,106,D20200914
uniform_120,120,uniform,20272824,52,108,D20201008
uniform_120,120,uniform,20272824,53,110,D20201101
uniform_120,120,uniform,20272824,54,112,D20201125
uniform_120,120,uniform,20272824,55,114,D20201219
uniform_120,120,uniform,20272824,56,116,D20210112
uniform_120,120,uniform,20272824,57,118,D20210205
uniform_120,120,uniform,20272824,58,120,D20210301
uniform_120,120,uniform,20272824,59,122,D20210325
uniform_120,120,uniform,20272824,60,125,D20210430
uniform_120,120,uniform,20272824,61,127,D20210524
uniform_120,120,uniform,20272824,62,129,D20210617
uniform_120,120,uniform,20272824,63,131,D20210711
uniform_120,120,uniform,20272824,64,133,D20210804
uniform_120,120,uniform,20272824,65,135,D20210828
uniform_120,120,uniform,20272824,66,137,D20210921
uniform_120,120,uniform,20272824,67,139,D20211015
uniform_120,120,uniform,20272824,68,141,D20211108
uniform_120,120,uniform,20272824,69,143,D20211202
uniform_120,120,uniform,20272824,70,145,D20211226
uniform_120,120,uniform,20272824,71,147,D20220119
uniform_120,120,uniform,20272824,72,149,D20220212
uniform_120,120,uniform,20272824,73,152,D20220320
uniform_120,120,uniform,20272824,74,154,D20220413
uniform_120,120,uniform,20272824,75,156,D20220507
uniform_120,120,uniform,20272824,76,158,D20220531
uniform_120,120,uniform,20272824,77,160,D20220624
uniform_120,120,uniform,20272824,78,162,D20220718
uniform_120,120,uniform,20272824,79,164,D20220811
uniform_120,120,uniform,20272824,80,166,D20220904
uniform_120,120,uniform,20272824,81,168,D20220928
uniform_120,120,uniform,20272824,82,170,D20221022
uniform_120,120,uniform,20272824,83,172,D20221115
uniform_120,120,uniform,20272824,84,174,D20221209
uniform_120,120,uniform,20272824,85,176,D20230102
uniform_120,120,uniform,20272824,86,179,D20230207
uniform_120,120,uniform,20272824,87,181,D20230303
uniform_120,120,uniform,20272824,88,183,D20230327
uniform_120,120,uniform,20272824,89,185,D20230420
uniform_120,120,uniform,20272824,90,187,D20230514
uniform_120,120,uniform,20272824,91,189,D20230607
uniform_120,120,uniform,20272824,92,191,D20230701
uniform_120,120,uniform,20272824,93,193,D20230725
uniform_120,120,uniform,20272824,94,195,D20230818
uniform_120,120,uniform,20272824,95,197,D20230911
uniform_120,120,uniform,20272824,96,199,D20231005
uniform_120,120,uniform,20272824,97,201,D20231029
uniform_120,120,uniform,20272824,98,203,D20231122
uniform_120,120,uniform,20272824,99,205,D20231216
uniform_120,120,uniform,20272824,100,208,D20240121
uniform_120,120,uniform,20272824,101,210,D20240214
uniform_120,120,uniform,20272824,102,212,D20240309
uniform_120,120,uniform,20272824,103,214,D20240402
uniform_120,120,uniform,20272824,104,216,D20240426
uniform_120,120,uniform,20272824,105,218,D20240520
uniform_120,120,uniform,20272824,106,220,D20240613
uniform_120,120,uniform,20272824,107,222,D20240707
uniform_120,120,uniform,20272824,108,224,D20240731
uniform_120,120,uniform,20272824,109,226,D20240824
uniform_120,120,uniform,20272824,110,228,D20240917
uniform_120,120,uniform,20272824,111,230,D20241011
uniform_120,120,uniform,20272824,112,232,D20241104
uniform_120,120,uniform,20272824,113,235,D20241210
uniform_120,120,uniform,20272824,114,237,D20250103
uniform_120,120,uniform,20272824,115,239,D20250127
uniform_120,120,uniform,20272824,116,241,D20250220
uniform_120,120,uniform,20272824,117,243,D20250316
uniform_120,120,uniform,20272824,118,245,D20250409
uniform_120,120,uniform,20272824,119,247,D20250503
random_missing_120,120,random_missing,20272825,0,0,D20170322
random_missing_120,120,random_missing,20272825,1,1,D20170403
random_missing_120,120,random_missing,20272825,2,2,D20170415
random_missing_120,120,random_missing,20272825,3,4,D20170509
random_missing_120,120,random_missing,20272825,4,6,D20170602
random_missing_120,120,random_missing,20272825,5,7,D20170614
random_missing_120,120,random_missing,20272825,6,8,D20170626
random_missing_120,120,random_missing,20272825,7,10,D20170720
random_missing_120,120,random_missing,20272825,8,11,D20170801
random_missing_120,120,random_missing,20272825,9,12,D20170813
random_missing_120,120,random_missing,20272825,10,14,D20170906
random_missing_120,120,random_missing,20272825,11,15,D20170918
random_missing_120,120,random_missing,20272825,12,20,D20171117
random_missing_120,120,random_missing,20272825,13,21,D20171129
random_missing_120,120,random_missing,20272825,14,23,D20171223
random_missing_120,120,random_missing,20272825,15,25,D20180116
random_missing_120,120,random_missing,20272825,16,26,D20180128
random_missing_120,120,random_missing,20272825,17,30,D20180317
random_missing_120,120,random_missing,20272825,18,31,D20180329
random_missing_120,120,random_missing,20272825,19,32,D20180410
random_missing_120,120,random_missing,20272825,20,33,D20180422
random_missing_120,120,random_missing,20272825,21,34,D20180504
random_missing_120,120,random_missing,20272825,22,35,D20180516
random_missing_120,120,random_missing,20272825,23,39,D20180703
random_missing_120,120,random_missing,20272825,24,41,D20180727
random_missing_120,120,random_missing,20272825,25,44,D20180901
random_missing_120,120,random_missing,20272825,26,46,D20180925
random_missing_120,120,random_missing,20272825,27,47,D20181007
random_missing_120,120,random_missing,20272825,28,48,D20181019
random_missing_120,120,random_missing,20272825,29,52,D20181206
random_missing_120,120,random_missing,20272825,30,54,D20181230
random_missing_120,120,random_missing,20272825,31,57,D20190204
random_missing_120,120,random_missing,20272825,32,59,D20190228
random_missing_120,120,random_missing,20272825,33,60,D20190312
random_missing_120,120,random_missing,20272825,34,62,D20190405
random_missing_120,120,random_missing,20272825,35,65,D20190511
random_missing_120,120,random_missing,20272825,36,66,D20190523
random_missing_120,120,random_missing,20272825,37,70,D20190710
random_missing_120,120,random_missing,20272825,38,71,D20190722
random_missing_120,120,random_missing,20272825,39,72,D20190803
random_missing_120,120,random_missing,20272825,40,74,D20190827
random_missing_120,120,random_missing,20272825,41,75,D20190908
random_missing_120,120,random_missing,20272825,42,78,D20191014
random_missing_120,120,random_missing,20272825,43,82,D20191201
random_missing_120,120,random_missing,20272825,44,83,D20191213
random_missing_120,120,random_missing,20272825,45,84,D20191225
random_missing_120,120,random_missing,20272825,46,85,D20200106
random_missing_120,120,random_missing,20272825,47,87,D20200130
random_missing_120,120,random_missing,20272825,48,92,D20200330
random_missing_120,120,random_missing,20272825,49,93,D20200411
random_missing_120,120,random_missing,20272825,50,99,D20200622
random_missing_120,120,random_missing,20272825,51,102,D20200728
random_missing_120,120,random_missing,20272825,52,103,D20200809
random_missing_120,120,random_missing,20272825,53,104,D20200821
random_missing_120,120,random_missing,20272825,54,106,D20200914
random_missing_120,120,random_missing,20272825,55,107,D20200926
random_missing_120,120,random_missing,20272825,56,109,D20201020
random_missing_120,120,random_missing,20272825,57,110,D20201101
random_missing_120,120,random_missing,20272825,58,118,D20210205
random_missing_120,120,random_missing,20272825,59,119,D20210217
random_missing_120,120,random_missing,20272825,60,121,D20210313
random_missing_120,120,random_missing,20272825,61,122,D20210325
random_missing_120,120,random_missing,20272825,62,125,D20210430
random_missing_120,120,random_missing,20272825,63,127,D20210524
random_missing_120,120,random_missing,20272825,64,128,D20210605
random_missing_120,120,random_missing,20272825,65,130,D20210629
random_missing_120,120,random_missing,20272825,66,131,D20210711
random_missing_120,120,random_missing,20272825,67,132,D20210723
random_missing_120,120,random_missing,20272825,68,133,D20210804
random_missing_120,120,random_missing,20272825,69,134,D20210816
random_missing_120,120,random_missing,20272825,70,135,D20210828
random_missing_120,120,random_missing,20272825,71,137,D20210921
random_missing_120,120,random_missing,20272825,72,138,D20211003
random_missing_120,120,random_missing,20272825,73,139,D20211015
random_missing_120,120,random_missing,20272825,74,140,D20211027
random_missing_120,120,random_missing,20272825,75,142,D20211120
random_missing_120,120,random_missing,20272825,76,144,D20211214
random_missing_120,120,random_missing,20272825,77,145,D20211226
random_missing_120,120,random_missing,20272825,78,149,D20220212
random_missing_120,120,random_missing,20272825,79,153,D20220401
random_missing_120,120,random_missing,20272825,80,157,D20220519
random_missing_120,120,random_missing,20272825,81,160,D20220624
random_missing_120,120,random_missing,20272825,82,165,D20220823
random_missing_120,120,random_missing,20272825,83,166,D20220904
random_missing_120,120,random_missing,20272825,84,170,D20221022
random_missing_120,120,random_missing,20272825,85,174,D20221209
random_missing_120,120,random_missing,20272825,86,176,D20230102
random_missing_120,120,random_missing,20272825,87,180,D20230219
random_missing_120,120,random_missing,20272825,88,186,D20230502
random_missing_120,120,random_missing,20272825,89,187,D20230514
random_missing_120,120,random_missing,20272825,90,191,D20230701
random_missing_120,120,random_missing,20272825,91,194,D20230806
random_missing_120,120,random_missing,20272825,92,195,D20230818
random_missing_120,120,random_missing,20272825,93,197,D20230911
random_missing_120,120,random_missing,20272825,94,198,D20230923
random_missing_120,120,random_missing,20272825,95,199,D20231005
random_missing_120,120,random_missing,20272825,96,204,D20231204
random_missing_120,120,random_missing,20272825,97,206,D20231228
random_missing_120,120,random_missing,20272825,98,207,D20240109
random_missing_120,120,random_missing,20272825,99,208,D20240121
random_missing_120,120,random_missing,20272825,100,209,D20240202
random_missing_120,120,random_missing,20272825,101,211,D20240226
random_missing_120,120,random_missing,20272825,102,215,D20240414
random_missing_120,120,random_missing,20272825,103,216,D20240426
random_missing_120,120,random_missing,20272825,104,217,D20240508
random_missing_120,120,random_missing,20272825,105,218,D20240520
random_missing_120,120,random_missing,20272825,106,222,D20240707
random_missing_120,120,random_missing,20272825,107,223,D20240719
random_missing_120,120,random_missing,20272825,108,225,D20240812
random_missing_120,120,random_missing,20272825,109,226,D20240824
random_missing_120,120,random_missing,20272825,110,228,D20240917
random_missing_120,120,random_missing,20272825,111,231,D20241023
random_missing_120,120,random_missing,20272825,112,234,D20241128
random_missing_120,120,random_missing,20272825,113,236,D20241222
random_missing_120,120,random_missing,20272825,114,238,D20250115
random_missing_120,120,random_missing,20272825,115,242,D20250304
random_missing_120,120,random_missing,20272825,116,243,D20250316
random_missing_120,120,random_missing,20272825,117,244,D20250328
random_missing_120,120,random_missing,20272825,118,245,D20250409
random_missing_120,120,random_missing,20272825,119,247,D20250503
continuous_gap_120,120,continuous_gap,20272826,0,0,D20170322
continuous_gap_120,120,continuous_gap,20272826,1,1,D20170403
continuous_gap_120,120,continuous_gap,20272826,2,2,D20170415
continuous_gap_120,120,continuous_gap,20272826,3,3,D20170427
continuous_gap_120,120,continuous_gap,20272826,4,4,D20170509
continuous_gap_120,120,continuous_gap,20272826,5,5,D20170521
continuous_gap_120,120,continuous_gap,20272826,6,6,D20170602
continuous_gap_120,120,continuous_gap,20272826,7,7,D20170614
continuous_gap_120,120,continuous_gap,20272826,8,8,D20170626
continuous_gap_120,120,continuous_gap,20272826,9,9,D20170708
continuous_gap_120,120,continuous_gap,20272826,10,10,D20170720
continuous_gap_120,120,continuous_gap,20272826,11,11,D20170801
continuous_gap_120,120,continuous_gap,20272826,12,12,D20170813
continuous_gap_120,120,continuous_gap,20272826,13,13,D20170825
continuous_gap_120,120,continuous_gap,20272826,14,14,D20170906
continuous_gap_120,120,continuous_gap,20272826,15,15,D20170918
continuous_gap_120,120,continuous_gap,20272826,16,16,D20170930
continuous_gap_120,120,continuous_gap,20272826,17,17,D20171012
continuous_gap_120,120,continuous_gap,20272826,18,18,D20171024
continuous_gap_120,120,continuous_gap,20272826,19,19,D20171105
continuous_gap_120,120,continuous_gap,20272826,20,20,D20171117
continuous_gap_120,120,continuous_gap,20272826,21,21,D20171129
continuous_gap_120,120,continuous_gap,20272826,22,22,D20171211
continuous_gap_120,120,continuous_gap,20272826,23,23,D20171223
continuous_gap_120,120,continuous_gap,20272826,24,24,D20180104
continuous_gap_120,120,continuous_gap,20272826,25,25,D20180116
continuous_gap_120,120,continuous_gap,20272826,26,26,D20180128
continuous_gap_120,120,continuous_gap,20272826,27,27,D20180209
continuous_gap_120,120,continuous_gap,20272826,28,28,D20180221
continuous_gap_120,120,continuous_gap,20272826,29,29,D20180305
continuous_gap_120,120,continuous_gap,20272826,30,30,D20180317
continuous_gap_120,120,continuous_gap,20272826,31,31,D20180329
continuous_gap_120,120,continuous_gap,20272826,32,32,D20180410
continuous_gap_120,120,continuous_gap,20272826,33,33,D20180422
continuous_gap_120,120,continuous_gap,20272826,34,34,D20180504
continuous_gap_120,120,continuous_gap,20272826,35,35,D20180516
continuous_gap_120,120,continuous_gap,20272826,36,36,D20180528
continuous_gap_120,120,continuous_gap,20272826,37,37,D20180609
continuous_gap_120,120,continuous_gap,20272826,38,38,D20180621
continuous_gap_120,120,continuous_gap,20272826,39,39,D20180703
continuous_gap_120,120,continuous_gap,20272826,40,40,D20180715
continuous_gap_120,120,continuous_gap,20272826,41,41,D20180727
continuous_gap_120,120,continuous_gap,20272826,42,42,D20180808
continuous_gap_120,120,continuous_gap,20272826,43,43,D20180820
continuous_gap_120,120,continuous_gap,20272826,44,44,D20180901
continuous_gap_120,120,continuous_gap,20272826,45,45,D20180913
continuous_gap_120,120,continuous_gap,20272826,46,46,D20180925
continuous_gap_120,120,continuous_gap,20272826,47,47,D20181007
continuous_gap_120,120,continuous_gap,20272826,48,48,D20181019
continuous_gap_120,120,continuous_gap,20272826,49,49,D20181031
continuous_gap_120,120,continuous_gap,20272826,50,50,D20181112
continuous_gap_120,120,continuous_gap,20272826,51,51,D20181124
continuous_gap_120,120,continuous_gap,20272826,52,52,D20181206
continuous_gap_120,120,continuous_gap,20272826,53,53,D20181218
continuous_gap_120,120,continuous_gap,20272826,54,54,D20181230
continuous_gap_120,120,continuous_gap,20272826,55,55,D20190111
continuous_gap_120,120,continuous_gap,20272826,56,56,D20190123
continuous_gap_120,120,continuous_gap,20272826,57,57,D20190204
continuous_gap_120,120,continuous_gap,20272826,58,58,D20190216
continuous_gap_120,120,continuous_gap,20272826,59,59,D20190228
continuous_gap_120,120,continuous_gap,20272826,60,60,D20190312
continuous_gap_120,120,continuous_gap,20272826,61,61,D20190324
continuous_gap_120,120,continuous_gap,20272826,62,62,D20190405
continuous_gap_120,120,continuous_gap,20272826,63,63,D20190417
continuous_gap_120,120,continuous_gap,20272826,64,64,D20190429
continuous_gap_120,120,continuous_gap,20272826,65,65,D20190511
continuous_gap_120,120,continuous_gap,20272826,66,66,D20190523
continuous_gap_120,120,continuous_gap,20272826,67,67,D20190604
continuous_gap_120,120,continuous_gap,20272826,68,68,D20190616
continuous_gap_120,120,continuous_gap,20272826,69,69,D20190628
continuous_gap_120,120,continuous_gap,20272826,70,70,D20190710
continuous_gap_120,120,continuous_gap,20272826,71,71,D20190722
continuous_gap_120,120,continuous_gap,20272826,72,72,D20190803
continuous_gap_120,120,continuous_gap,20272826,73,73,D20190815
continuous_gap_120,120,continuous_gap,20272826,74,74,D20190827
continuous_gap_120,120,continuous_gap,20272826,75,75,D20190908
continuous_gap_120,120,continuous_gap,20272826,76,76,D20190920
continuous_gap_120,120,continuous_gap,20272826,77,77,D20191002
continuous_gap_120,120,continuous_gap,20272826,78,78,D20191014
continuous_gap_120,120,continuous_gap,20272826,79,79,D20191026
continuous_gap_120,120,continuous_gap,20272826,80,80,D20191107
continuous_gap_120,120,continuous_gap,20272826,81,81,D20191119
continuous_gap_120,120,continuous_gap,20272826,82,82,D20191201
continuous_gap_120,120,continuous_gap,20272826,83,83,D20191213
continuous_gap_120,120,continuous_gap,20272826,84,84,D20191225
continuous_gap_120,120,continuous_gap,20272826,85,85,D20200106
continuous_gap_120,120,continuous_gap,20272826,86,86,D20200118
continuous_gap_120,120,continuous_gap,20272826,87,87,D20200130
continuous_gap_120,120,continuous_gap,20272826,88,88,D20200211
continuous_gap_120,120,continuous_gap,20272826,89,89,D20200223
continuous_gap_120,120,continuous_gap,20272826,90,90,D20200306
continuous_gap_120,120,continuous_gap,20272826,91,91,D20200318
continuous_gap_120,120,continuous_gap,20272826,92,92,D20200330
continuous_gap_120,120,continuous_gap,20272826,93,221,D20240625
continuous_gap_120,120,continuous_gap,20272826,94,222,D20240707
continuous_gap_120,120,continuous_gap,20272826,95,223,D20240719
continuous_gap_120,120,continuous_gap,20272826,96,224,D20240731
continuous_gap_120,120,continuous_gap,20272826,97,225,D20240812
continuous_gap_120,120,continuous_gap,20272826,98,226,D20240824
continuous_gap_120,120,continuous_gap,20272826,99,227,D20240905
continuous_gap_120,120,continuous_gap,20272826,100,228,D20240917
continuous_gap_120,120,continuous_gap,20272826,101,229,D20240929
continuous_gap_120,120,continuous_gap,20272826,102,230,D20241011
continuous_gap_120,120,continuous_gap,20272826,103,231,D20241023
continuous_gap_120,120,continuous_gap,20272826,104,232,D20241104
continuous_gap_120,120,continuous_gap,20272826,105,233,D20241116
continuous_gap_120,120,continuous_gap,20272826,106,234,D20241128
continuous_gap_120,120,continuous_gap,20272826,107,235,D20241210
continuous_gap_120,120,continuous_gap,20272826,108,236,D20241222
continuous_gap_120,120,continuous_gap,20272826,109,237,D20250103
continuous_gap_120,120,continuous_gap,20272826,110,238,D20250115
continuous_gap_120,120,continuous_gap,20272826,111,239,D20250127
continuous_gap_120,120,continuous_gap,20272826,112,240,D20250208
continuous_gap_120,120,continuous_gap,20272826,113,241,D20250220
continuous_gap_120,120,continuous_gap,20272826,114,242,D20250304
continuous_gap_120,120,continuous_gap,20272826,115,243,D20250316
continuous_gap_120,120,continuous_gap,20272826,116,244,D20250328
continuous_gap_120,120,continuous_gap,20272826,117,245,D20250409
continuous_gap_120,120,continuous_gap,20272826,118,246,D20250421
continuous_gap_120,120,continuous_gap,20272826,119,247,D20250503
front_dense_back_sparse_120,120,front_dense_back_sparse,20272827,0,0,D20170322
front_dense_back_sparse_120,120,front_dense_back_sparse,20272827,1,1,D20170403
front_dense_back_sparse_120,120,front_dense_back_sparse,20272827,2,3,D20170427
front_dense_back_sparse_120,120,front_dense_back_sparse,20272827,3,4,D20170509
front_dense_back_sparse_120,120,front_dense_back_sparse,20272827,4,6,D20170602
front_dense_back_sparse_120,120,front_dense_back_sparse,20272827,5,7,D20170614
front_dense_back_sparse_120,120,front_dense_back_sparse,20272827,6,9,D20170708
front_dense_back_sparse_120,120,front_dense_back_sparse,20272827,7,10,D20170720
front_dense_back_sparse_120,120,front_dense_back_sparse,20272827,8,12,D20170813
front_dense_back_sparse_120,120,front_dense_back_sparse,20272827,9,13,D20170825
front_dense_back_sparse_120,120,front_dense_back_sparse,20272827,10,15,D20170918
front_dense_back_sparse_120,120,front_dense_back_sparse,20272827,11,16,D20170930
front_dense_back_sparse_120,120,front_dense_back_sparse,20272827,12,18,D20171024
front_dense_back_sparse_120,120,front_dense_back_sparse,20272827,13,19,D20171105
front_dense_back_sparse_120,120,front_dense_back_sparse,20272827,14,21,D20171129
front_dense_back_sparse_120,120,front_dense_back_sparse,20272827,15,22,D20171211
front_dense_back_sparse_120,120,front_dense_back_sparse,20272827,16,24,D20180104
front_dense_back_sparse_120,120,front_dense_back_sparse,20272827,17,25,D20180116
front_dense_back_sparse_120,120,front_dense_back_sparse,20272827,18,27,D20180209
front_dense_back_sparse_120,120,front_dense_back_sparse,20272827,19,28,D20180221
front_dense_back_sparse_120,120,front_dense_back_sparse,20272827,20,30,D20180317
front_dense_back_sparse_120,120,front_dense_back_sparse,20272827,21,31,D20180329
front_dense_back_sparse_120,120,front_dense_back_sparse,20272827,22,33,D20180422
front_dense_back_sparse_120,120,front_dense_back_sparse,20272827,23,34,D20180504
front_dense_back_sparse_120,120,front_dense_back_sparse,20272827,24,36,D20180528
front_dense_back_sparse_120,120,front_dense_back_sparse,20272827,25,37,D20180609
front_dense_back_sparse_120,120,front_dense_back_sparse,20272827,26,39,D20180703
front_dense_back_sparse_120,120,front_dense_back_sparse,20272827,27,40,D20180715
front_dense_back_sparse_120,120,front_dense_back_sparse,20272827,28,41,D20180727
front_dense_back_sparse_120,120,front_dense_back_sparse,20272827,29,43,D20180820
front_dense_back_sparse_120,120,front_dense_back_sparse,20272827,30,44,D20180901
front_dense_back_sparse_120,120,front_dense_back_sparse,20272827,31,46,D20180925
front_dense_back_sparse_120,120,front_dense_back_sparse,20272827,32,47,D20181007
front_dense_back_sparse_120,120,front_dense_back_sparse,20272827,33,49,D20181031
front_dense_back_sparse_120,120,front_dense_back_sparse,20272827,34,50,D20181112
front_dense_back_sparse_120,120,front_dense_back_sparse,20272827,35,52,D20181206
front_dense_back_sparse_120,120,front_dense_back_sparse,20272827,36,53,D20181218
front_dense_back_sparse_120,120,front_dense_back_sparse,20272827,37,55,D20190111
front_dense_back_sparse_120,120,front_dense_back_sparse,20272827,38,56,D20190123
front_dense_back_sparse_120,120,front_dense_back_sparse,20272827,39,58,D20190216
front_dense_back_sparse_120,120,front_dense_back_sparse,20272827,40,59,D20190228
front_dense_back_sparse_120,120,front_dense_back_sparse,20272827,41,61,D20190324
front_dense_back_sparse_120,120,front_dense_back_sparse,20272827,42,62,D20190405
front_dense_back_sparse_120,120,front_dense_back_sparse,20272827,43,64,D20190429
front_dense_back_sparse_120,120,front_dense_back_sparse,20272827,44,65,D20190511
front_dense_back_sparse_120,120,front_dense_back_sparse,20272827,45,67,D20190604
front_dense_back_sparse_120,120,front_dense_back_sparse,20272827,46,68,D20190616
front_dense_back_sparse_120,120,front_dense_back_sparse,20272827,47,70,D20190710
front_dense_back_sparse_120,120,front_dense_back_sparse,20272827,48,71,D20190722
front_dense_back_sparse_120,120,front_dense_back_sparse,20272827,49,73,D20190815
front_dense_back_sparse_120,120,front_dense_back_sparse,20272827,50,74,D20190827
front_dense_back_sparse_120,120,front_dense_back_sparse,20272827,51,76,D20190920
front_dense_back_sparse_120,120,front_dense_back_sparse,20272827,52,77,D20191002
front_dense_back_sparse_120,120,front_dense_back_sparse,20272827,53,79,D20191026
front_dense_back_sparse_120,120,front_dense_back_sparse,20272827,54,80,D20191107
front_dense_back_sparse_120,120,front_dense_back_sparse,20272827,55,82,D20191201
front_dense_back_sparse_120,120,front_dense_back_sparse,20272827,56,83,D20191213
front_dense_back_sparse_120,120,front_dense_back_sparse,20272827,57,84,D20191225
front_dense_back_sparse_120,120,front_dense_back_sparse,20272827,58,86,D20200118
front_dense_back_sparse_120,120,front_dense_back_sparse,20272827,59,87,D20200130
front_dense_back_sparse_120,120,front_dense_back_sparse,20272827,60,89,D20200223
front_dense_back_sparse_120,120,front_dense_back_sparse,20272827,61,90,D20200306
front_dense_back_sparse_120,120,front_dense_back_sparse,20272827,62,92,D20200330
front_dense_back_sparse_120,120,front_dense_back_sparse,20272827,63,93,D20200411
front_dense_back_sparse_120,120,front_dense_back_sparse,20272827,64,95,D20200505
front_dense_back_sparse_120,120,front_dense_back_sparse,20272827,65,96,D20200517
front_dense_back_sparse_120,120,front_dense_back_sparse,20272827,66,98,D20200610
front_dense_back_sparse_120,120,front_dense_back_sparse,20272827,67,99,D20200622
front_dense_back_sparse_120,120,front_dense_back_sparse,20272827,68,101,D20200716
front_dense_back_sparse_120,120,front_dense_back_sparse,20272827,69,102,D20200728
front_dense_back_sparse_120,120,front_dense_back_sparse,20272827,70,104,D20200821
front_dense_back_sparse_120,120,front_dense_back_sparse,20272827,71,105,D20200902
front_dense_back_sparse_120,120,front_dense_back_sparse,20272827,72,107,D20200926
front_dense_back_sparse_120,120,front_dense_back_sparse,20272827,73,108,D20201008
front_dense_back_sparse_120,120,front_dense_back_sparse,20272827,74,110,D20201101
front_dense_back_sparse_120,120,front_dense_back_sparse,20272827,75,111,D20201113
front_dense_back_sparse_120,120,front_dense_back_sparse,20272827,76,113,D20201207
front_dense_back_sparse_120,120,front_dense_back_sparse,20272827,77,114,D20201219
front_dense_back_sparse_120,120,front_dense_back_sparse,20272827,78,116,D20210112
front_dense_back_sparse_120,120,front_dense_back_sparse,20272827,79,117,D20210124
front_dense_back_sparse_120,120,front_dense_back_sparse,20272827,80,119,D20210217
front_dense_back_sparse_120,120,front_dense_back_sparse,20272827,81,120,D20210301
front_dense_back_sparse_120,120,front_dense_back_sparse,20272827,82,122,D20210325
front_dense_back_sparse_120,120,front_dense_back_sparse,20272827,83,123,D20210406
front_dense_back_sparse_120,120,front_dense_back_sparse,20272827,84,124,D20210418
front_dense_back_sparse_120,120,front_dense_back_sparse,20272827,85,128,D20210605
front_dense_back_sparse_120,120,front_dense_back_sparse,20272827,86,131,D20210711
front_dense_back_sparse_120,120,front_dense_back_sparse,20272827,87,135,D20210828
front_dense_back_sparse_120,120,front_dense_back_sparse,20272827,88,138,D20211003
front_dense_back_sparse_120,120,front_dense_back_sparse,20272827,89,142,D20211120
front_dense_back_sparse_120,120,front_dense_back_sparse,20272827,90,145,D20211226
front_dense_back_sparse_120,120,front_dense_back_sparse,20272827,91,149,D20220212
front_dense_back_sparse_120,120,front_dense_back_sparse,20272827,92,152,D20220320
front_dense_back_sparse_120,120,front_dense_back_sparse,20272827,93,156,D20220507
front_dense_back_sparse_120,120,front_dense_back_sparse,20272827,94,159,D20220612
front_dense_back_sparse_120,120,front_dense_back_sparse,20272827,95,163,D20220730
front_dense_back_sparse_120,120,front_dense_back_sparse,20272827,96,166,D20220904
front_dense_back_sparse_120,120,front_dense_back_sparse,20272827,97,170,D20221022
front_dense_back_sparse_120,120,front_dense_back_sparse,20272827,98,173,D20221127
front_dense_back_sparse_120,120,front_dense_back_sparse,20272827,99,177,D20230114
front_dense_back_sparse_120,120,front_dense_back_sparse,20272827,100,180,D20230219
front_dense_back_sparse_120,120,front_dense_back_sparse,20272827,101,184,D20230408
front_dense_back_sparse_120,120,front_dense_back_sparse,20272827,102,187,D20230514
front_dense_back_sparse_120,120,front_dense_back_sparse,20272827,103,191,D20230701
front_dense_back_sparse_120,120,front_dense_back_sparse,20272827,104,194,D20230806
front_dense_back_sparse_120,120,front_dense_back_sparse,20272827,105,198,D20230923
front_dense_back_sparse_120,120,front_dense_back_sparse,20272827,106,201,D20231029
front_dense_back_sparse_120,120,front_dense_back_sparse,20272827,107,205,D20231216
front_dense_back_sparse_120,120,front_dense_back_sparse,20272827,108,208,D20240121
front_dense_back_sparse_120,120,front_dense_back_sparse,20272827,109,212,D20240309
front_dense_back_sparse_120,120,front_dense_back_sparse,20272827,110,215,D20240414
front_dense_back_sparse_120,120,front_dense_back_sparse,20272827,111,219,D20240601
front_dense_back_sparse_120,120,front_dense_back_sparse,20272827,112,222,D20240707
front_dense_back_sparse_120,120,front_dense_back_sparse,20272827,113,226,D20240824
front_dense_back_sparse_120,120,front_dense_back_sparse,20272827,114,229,D20240929
front_dense_back_sparse_120,120,front_dense_back_sparse,20272827,115,233,D20241116
front_dense_back_sparse_120,120,front_dense_back_sparse,20272827,116,236,D20241222
front_dense_back_sparse_120,120,front_dense_back_sparse,20272827,117,240,D20250208
front_dense_back_sparse_120,120,front_dense_back_sparse,20272827,118,243,D20250316
front_dense_back_sparse_120,120,front_dense_back_sparse,20272827,119,247,D20250503
front_sparse_back_dense_120,120,front_sparse_back_dense,20272828,0,0,D20170322
front_sparse_back_dense_120,120,front_sparse_back_dense,20272828,1,4,D20170509
front_sparse_back_dense_120,120,front_sparse_back_dense,20272828,2,7,D20170614
front_sparse_back_dense_120,120,front_sparse_back_dense,20272828,3,11,D20170801
front_sparse_back_dense_120,120,front_sparse_back_dense,20272828,4,14,D20170906
front_sparse_back_dense_120,120,front_sparse_back_dense,20272828,5,18,D20171024
front_sparse_back_dense_120,120,front_sparse_back_dense,20272828,6,21,D20171129
front_sparse_back_dense_120,120,front_sparse_back_dense,20272828,7,25,D20180116
front_sparse_back_dense_120,120,front_sparse_back_dense,20272828,8,28,D20180221
front_sparse_back_dense_120,120,front_sparse_back_dense,20272828,9,32,D20180410
front_sparse_back_dense_120,120,front_sparse_back_dense,20272828,10,35,D20180516
front_sparse_back_dense_120,120,front_sparse_back_dense,20272828,11,39,D20180703
front_sparse_back_dense_120,120,front_sparse_back_dense,20272828,12,42,D20180808
front_sparse_back_dense_120,120,front_sparse_back_dense,20272828,13,46,D20180925
front_sparse_back_dense_120,120,front_sparse_back_dense,20272828,14,49,D20181031
front_sparse_back_dense_120,120,front_sparse_back_dense,20272828,15,53,D20181218
front_sparse_back_dense_120,120,front_sparse_back_dense,20272828,16,56,D20190123
front_sparse_back_dense_120,120,front_sparse_back_dense,20272828,17,60,D20190312
front_sparse_back_dense_120,120,front_sparse_back_dense,20272828,18,63,D20190417
front_sparse_back_dense_120,120,front_sparse_back_dense,20272828,19,67,D20190604
front_sparse_back_dense_120,120,front_sparse_back_dense,20272828,20,70,D20190710
front_sparse_back_dense_120,120,front_sparse_back_dense,20272828,21,74,D20190827
front_sparse_back_dense_120,120,front_sparse_back_dense,20272828,22,77,D20191002
front_sparse_back_dense_120,120,front_sparse_back_dense,20272828,23,81,D20191119
front_sparse_back_dense_120,120,front_sparse_back_dense,20272828,24,84,D20191225
front_sparse_back_dense_120,120,front_sparse_back_dense,20272828,25,88,D20200211
front_sparse_back_dense_120,120,front_sparse_back_dense,20272828,26,91,D20200318
front_sparse_back_dense_120,120,front_sparse_back_dense,20272828,27,95,D20200505
front_sparse_back_dense_120,120,front_sparse_back_dense,20272828,28,98,D20200610
front_sparse_back_dense_120,120,front_sparse_back_dense,20272828,29,102,D20200728
front_sparse_back_dense_120,120,front_sparse_back_dense,20272828,30,105,D20200902
front_sparse_back_dense_120,120,front_sparse_back_dense,20272828,31,109,D20201020
front_sparse_back_dense_120,120,front_sparse_back_dense,20272828,32,112,D20201125
front_sparse_back_dense_120,120,front_sparse_back_dense,20272828,33,116,D20210112
front_sparse_back_dense_120,120,front_sparse_back_dense,20272828,34,119,D20210217
front_sparse_back_dense_120,120,front_sparse_back_dense,20272828,35,123,D20210406
front_sparse_back_dense_120,120,front_sparse_back_dense,20272828,36,124,D20210418
front_sparse_back_dense_120,120,front_sparse_back_dense,20272828,37,125,D20210430
front_sparse_back_dense_120,120,front_sparse_back_dense,20272828,38,127,D20210524
front_sparse_back_dense_120,120,front_sparse_back_dense,20272828,39,128,D20210605
front_sparse_back_dense_120,120,front_sparse_back_dense,20272828,40,130,D20210629
front_sparse_back_dense_120,120,front_sparse_back_dense,20272828,41,131,D20210711
front_sparse_back_dense_120,120,front_sparse_back_dense,20272828,42,133,D20210804
front_sparse_back_dense_120,120,front_sparse_back_dense,20272828,43,134,D20210816
front_sparse_back_dense_120,120,front_sparse_back_dense,20272828,44,136,D20210909
front_sparse_back_dense_120,120,front_sparse_back_dense,20272828,45,137,D20210921
front_sparse_back_dense_120,120,front_sparse_back_dense,20272828,46,139,D20211015
front_sparse_back_dense_120,120,front_sparse_back_dense,20272828,47,140,D20211027
front_sparse_back_dense_120,120,front_sparse_back_dense,20272828,48,142,D20211120
front_sparse_back_dense_120,120,front_sparse_back_dense,20272828,49,143,D20211202
front_sparse_back_dense_120,120,front_sparse_back_dense,20272828,50,145,D20211226
front_sparse_back_dense_120,120,front_sparse_back_dense,20272828,51,146,D20220107
front_sparse_back_dense_120,120,front_sparse_back_dense,20272828,52,148,D20220131
front_sparse_back_dense_120,120,front_sparse_back_dense,20272828,53,149,D20220212
front_sparse_back_dense_120,120,front_sparse_back_dense,20272828,54,151,D20220308
front_sparse_back_dense_120,120,front_sparse_back_dense,20272828,55,152,D20220320
front_sparse_back_dense_120,120,front_sparse_back_dense,20272828,56,154,D20220413
front_sparse_back_dense_120,120,front_sparse_back_dense,20272828,57,155,D20220425
front_sparse_back_dense_120,120,front_sparse_back_dense,20272828,58,157,D20220519
front_sparse_back_dense_120,120,front_sparse_back_dense,20272828,59,158,D20220531
front_sparse_back_dense_120,120,front_sparse_back_dense,20272828,60,160,D20220624
front_sparse_back_dense_120,120,front_sparse_back_dense,20272828,61,161,D20220706
front_sparse_back_dense_120,120,front_sparse_back_dense,20272828,62,163,D20220730
front_sparse_back_dense_120,120,front_sparse_back_dense,20272828,63,164,D20220811
front_sparse_back_dense_120,120,front_sparse_back_dense,20272828,64,165,D20220823
front_sparse_back_dense_120,120,front_sparse_back_dense,20272828,65,167,D20220916
front_sparse_back_dense_120,120,front_sparse_back_dense,20272828,66,168,D20220928
front_sparse_back_dense_120,120,front_sparse_back_dense,20272828,67,170,D20221022
front_sparse_back_dense_120,120,front_sparse_back_dense,20272828,68,171,D20221103
front_sparse_back_dense_120,120,front_sparse_back_dense,20272828,69,173,D20221127
front_sparse_back_dense_120,120,front_sparse_back_dense,20272828,70,174,D20221209
front_sparse_back_dense_120,120,front_sparse_back_dense,20272828,71,176,D20230102
front_sparse_back_dense_120,120,front_sparse_back_dense,20272828,72,177,D20230114
front_sparse_back_dense_120,120,front_sparse_back_dense,20272828,73,179,D20230207
front_sparse_back_dense_120,120,front_sparse_back_dense,20272828,74,180,D20230219
front_sparse_back_dense_120,120,front_sparse_back_dense,20272828,75,182,D20230315
front_sparse_back_dense_120,120,front_sparse_back_dense,20272828,76,183,D20230327
front_sparse_back_dense_120,120,front_sparse_back_dense,20272828,77,185,D20230420
front_sparse_back_dense_120,120,front_sparse_back_dense,20272828,78,186,D20230502
front_sparse_back_dense_120,120,front_sparse_back_dense,20272828,79,188,D20230526
front_sparse_back_dense_120,120,front_sparse_back_dense,20272828,80,189,D20230607
front_sparse_back_dense_120,120,front_sparse_back_dense,20272828,81,191,D20230701
front_sparse_back_dense_120,120,front_sparse_back_dense,20272828,82,192,D20230713
front_sparse_back_dense_120,120,front_sparse_back_dense,20272828,83,194,D20230806
front_sparse_back_dense_120,120,front_sparse_back_dense,20272828,84,195,D20230818
front_sparse_back_dense_120,120,front_sparse_back_dense,20272828,85,197,D20230911
front_sparse_back_dense_120,120,front_sparse_back_dense,20272828,86,198,D20230923
front_sparse_back_dense_120,120,front_sparse_back_dense,20272828,87,200,D20231017
front_sparse_back_dense_120,120,front_sparse_back_dense,20272828,88,201,D20231029
front_sparse_back_dense_120,120,front_sparse_back_dense,20272828,89,203,D20231122
front_sparse_back_dense_120,120,front_sparse_back_dense,20272828,90,204,D20231204
front_sparse_back_dense_120,120,front_sparse_back_dense,20272828,91,206,D20231228
front_sparse_back_dense_120,120,front_sparse_back_dense,20272828,92,207,D20240109
front_sparse_back_dense_120,120,front_sparse_back_dense,20272828,93,208,D20240121
front_sparse_back_dense_120,120,front_sparse_back_dense,20272828,94,210,D20240214
front_sparse_back_dense_120,120,front_sparse_back_dense,20272828,95,211,D20240226
front_sparse_back_dense_120,120,front_sparse_back_dense,20272828,96,213,D20240321
front_sparse_back_dense_120,120,front_sparse_back_dense,20272828,97,214,D20240402
front_sparse_back_dense_120,120,front_sparse_back_dense,20272828,98,216,D20240426
front_sparse_back_dense_120,120,front_sparse_back_dense,20272828,99,217,D20240508
front_sparse_back_dense_120,120,front_sparse_back_dense,20272828,100,219,D20240601
front_sparse_back_dense_120,120,front_sparse_back_dense,20272828,101,220,D20240613
front_sparse_back_dense_120,120,front_sparse_back_dense,20272828,102,222,D20240707
front_sparse_back_dense_120,120,front_sparse_back_dense,20272828,103,223,D20240719
front_sparse_back_dense_120,120,front_sparse_back_dense,20272828,104,225,D20240812
front_sparse_back_dense_120,120,front_sparse_back_dense,20272828,105,226,D20240824
front_sparse_back_dense_120,120,front_sparse_back_dense,20272828,106,228,D20240917
front_sparse_back_dense_120,120,front_sparse_back_dense,20272828,107,229,D20240929
front_sparse_back_dense_120,120,front_sparse_back_dense,20272828,108,231,D20241023
front_sparse_back_dense_120,120,front_sparse_back_dense,20272828,109,232,D20241104
front_sparse_back_dense_120,120,front_sparse_back_dense,20272828,110,234,D20241128
front_sparse_back_dense_120,120,front_sparse_back_dense,20272828,111,235,D20241210
front_sparse_back_dense_120,120,front_sparse_back_dense,20272828,112,237,D20250103
front_sparse_back_dense_120,120,front_sparse_back_dense,20272828,113,238,D20250115
front_sparse_back_dense_120,120,front_sparse_back_dense,20272828,114,240,D20250208
front_sparse_back_dense_120,120,front_sparse_back_dense,20272828,115,241,D20250220
front_sparse_back_dense_120,120,front_sparse_back_dense,20272828,116,243,D20250316
front_sparse_back_dense_120,120,front_sparse_back_dense,20272828,117,244,D20250328
front_sparse_back_dense_120,120,front_sparse_back_dense,20272828,118,246,D20250421
front_sparse_back_dense_120,120,front_sparse_back_dense,20272828,119,247,D20250503
uniform_80,80,uniform,20268824,0,0,D20170322
uniform_80,80,uniform,20268824,1,3,D20170427
uniform_80,80,uniform,20268824,2,6,D20170602
uniform_80,80,uniform,20268824,3,9,D20170708
uniform_80,80,uniform,20268824,4,13,D20170825
uniform_80,80,uniform,20268824,5,16,D20170930
uniform_80,80,uniform,20268824,6,19,D20171105
uniform_80,80,uniform,20268824,7,22,D20171211
uniform_80,80,uniform,20268824,8,25,D20180116
uniform_80,80,uniform,20268824,9,28,D20180221
uniform_80,80,uniform,20268824,10,31,D20180329
uniform_80,80,uniform,20268824,11,34,D20180504
uniform_80,80,uniform,20268824,12,38,D20180621
uniform_80,80,uniform,20268824,13,41,D20180727
uniform_80,80,uniform,20268824,14,44,D20180901
uniform_80,80,uniform,20268824,15,47,D20181007
uniform_80,80,uniform,20268824,16,50,D20181112
uniform_80,80,uniform,20268824,17,53,D20181218
uniform_80,80,uniform,20268824,18,56,D20190123
uniform_80,80,uniform,20268824,19,59,D20190228
uniform_80,80,uniform,20268824,20,63,D20190417
uniform_80,80,uniform,20268824,21,66,D20190523
uniform_80,80,uniform,20268824,22,69,D20190628
uniform_80,80,uniform,20268824,23,72,D20190803
uniform_80,80,uniform,20268824,24,75,D20190908
uniform_80,80,uniform,20268824,25,78,D20191014
uniform_80,80,uniform,20268824,26,81,D20191119
uniform_80,80,uniform,20268824,27,84,D20191225
uniform_80,80,uniform,20268824,28,88,D20200211
uniform_80,80,uniform,20268824,29,91,D20200318
uniform_80,80,uniform,20268824,30,94,D20200423
uniform_80,80,uniform,20268824,31,97,D20200529
uniform_80,80,uniform,20268824,32,100,D20200704
uniform_80,80,uniform,20268824,33,103,D20200809
uniform_80,80,uniform,20268824,34,106,D20200914
uniform_80,80,uniform,20268824,35,109,D20201020
uniform_80,80,uniform,20268824,36,113,D20201207
uniform_80,80,uniform,20268824,37,116,D20210112
uniform_80,80,uniform,20268824,38,119,D20210217
uniform_80,80,uniform,20268824,39,122,D20210325
uniform_80,80,uniform,20268824,40,125,D20210430
uniform_80,80,uniform,20268824,41,128,D20210605
uniform_80,80,uniform,20268824,42,131,D20210711
uniform_80,80,uniform,20268824,43,134,D20210816
uniform_80,80,uniform,20268824,44,138,D20211003
uniform_80,80,uniform,20268824,45,141,D20211108
uniform_80,80,uniform,20268824,46,144,D20211214
uniform_80,80,uniform,20268824,47,147,D20220119
uniform_80,80,uniform,20268824,48,150,D20220224
uniform_80,80,uniform,20268824,49,153,D20220401
uniform_80,80,uniform,20268824,50,156,D20220507
uniform_80,80,uniform,20268824,51,159,D20220612
uniform_80,80,uniform,20268824,52,163,D20220730
uniform_80,80,uniform,20268824,53,166,D20220904
uniform_80,80,uniform,20268824,54,169,D20221010
uniform_80,80,uniform,20268824,55,172,D20221115
uniform_80,80,uniform,20268824,56,175,D20221221
uniform_80,80,uniform,20268824,57,178,D20230126
uniform_80,80,uniform,20268824,58,181,D20230303
uniform_80,80,uniform,20268824,59,184,D20230408
uniform_80,80,uniform,20268824,60,188,D20230526
uniform_80,80,uniform,20268824,61,191,D20230701
uniform_80,80,uniform,20268824,62,194,D20230806
uniform_80,80,uniform,20268824,63,197,D20230911
uniform_80,80,uniform,20268824,64,200,D20231017
uniform_80,80,uniform,20268824,65,203,D20231122
uniform_80,80,uniform,20268824,66,206,D20231228
uniform_80,80,uniform,20268824,67,209,D20240202
uniform_80,80,uniform,20268824,68,213,D20240321
uniform_80,80,uniform,20268824,69,216,D20240426
uniform_80,80,uniform,20268824,70,219,D20240601
uniform_80,80,uniform,20268824,71,222,D20240707
uniform_80,80,uniform,20268824,72,225,D20240812
uniform_80,80,uniform,20268824,73,228,D20240917
uniform_80,80,uniform,20268824,74,231,D20241023
uniform_80,80,uniform,20268824,75,234,D20241128
uniform_80,80,uniform,20268824,76,238,D20250115
uniform_80,80,uniform,20268824,77,241,D20250220
uniform_80,80,uniform,20268824,78,244,D20250328
uniform_80,80,uniform,20268824,79,247,D20250503
random_missing_80,80,random_missing,20268825,0,0,D20170322
random_missing_80,80,random_missing,20268825,1,2,D20170415
random_missing_80,80,random_missing,20268825,2,6,D20170602
random_missing_80,80,random_missing,20268825,3,10,D20170720
random_missing_80,80,random_missing,20268825,4,14,D20170906
random_missing_80,80,random_missing,20268825,5,15,D20170918
random_missing_80,80,random_missing,20268825,6,16,D20170930
random_missing_80,80,random_missing,20268825,7,17,D20171012
random_missing_80,80,random_missing,20268825,8,18,D20171024
random_missing_80,80,random_missing,20268825,9,26,D20180128
random_missing_80,80,random_missing,20268825,10,29,D20180305
random_missing_80,80,random_missing,20268825,11,34,D20180504
random_missing_80,80,random_missing,20268825,12,35,D20180516
random_missing_80,80,random_missing,20268825,13,40,D20180715
random_missing_80,80,random_missing,20268825,14,42,D20180808
random_missing_80,80,random_missing,20268825,15,48,D20181019
random_missing_80,80,random_missing,20268825,16,49,D20181031
random_missing_80,80,random_missing,20268825,17,52,D20181206
random_missing_80,80,random_missing,20268825,18,53,D20181218
random_missing_80,80,random_missing,20268825,19,56,D20190123
random_missing_80,80,random_missing,20268825,20,57,D20190204
random_missing_80,80,random_missing,20268825,21,58,D20190216
random_missing_80,80,random_missing,20268825,22,60,D20190312
random_missing_80,80,random_missing,20268825,23,62,D20190405
random_missing_80,80,random_missing,20268825,24,64,D20190429
random_missing_80,80,random_missing,20268825,25,65,D20190511
random_missing_80,80,random_missing,20268825,26,66,D20190523
random_missing_80,80,random_missing,20268825,27,69,D20190628
random_missing_80,80,random_missing,20268825,28,75,D20190908
random_missing_80,80,random_missing,20268825,29,81,D20191119
random_missing_80,80,random_missing,20268825,30,96,D20200517
random_missing_80,80,random_missing,20268825,31,102,D20200728
random_missing_80,80,random_missing,20268825,32,103,D20200809
random_missing_80,80,random_missing,20268825,33,106,D20200914
random_missing_80,80,random_missing,20268825,34,107,D20200926
random_missing_80,80,random_missing,20268825,35,108,D20201008
random_missing_80,80,random_missing,20268825,36,112,D20201125
random_missing_80,80,random_missing,20268825,37,115,D20201231
random_missing_80,80,random_missing,20268825,38,118,D20210205
random_missing_80,80,random_missing,20268825,39,121,D20210313
random_missing_80,80,random_missing,20268825,40,122,D20210325
random_missing_80,80,random_missing,20268825,41,132,D20210723
random_missing_80,80,random_missing,20268825,42,142,D20211120
random_missing_80,80,random_missing,20268825,43,144,D20211214
random_missing_80,80,random_missing,20268825,44,146,D20220107
random_missing_80,80,random_missing,20268825,45,149,D20220212
random_missing_80,80,random_missing,20268825,46,152,D20220320
random_missing_80,80,random_missing,20268825,47,153,D20220401
random_missing_80,80,random_missing,20268825,48,160,D20220624
random_missing_80,80,random_missing,20268825,49,163,D20220730
random_missing_80,80,random_missing,20268825,50,165,D20220823
random_missing_80,80,random_missing,20268825,51,166,D20220904
random_missing_80,80,random_missing,20268825,52,171,D20221103
random_missing_80,80,random_missing,20268825,53,174,D20221209
random_missing_80,80,random_missing,20268825,54,175,D20221221
random_missing_80,80,random_missing,20268825,55,178,D20230126
random_missing_80,80,random_missing,20268825,56,179,D20230207
random_missing_80,80,random_missing,20268825,57,183,D20230327
random_missing_80,80,random_missing,20268825,58,184,D20230408
random_missing_80,80,random_missing,20268825,59,186,D20230502
random_missing_80,80,random_missing,20268825,60,190,D20230619
random_missing_80,80,random_missing,20268825,61,191,D20230701
random_missing_80,80,random_missing,20268825,62,192,D20230713
random_missing_80,80,random_missing,20268825,63,193,D20230725
random_missing_80,80,random_missing,20268825,64,195,D20230818
random_missing_80,80,random_missing,20268825,65,202,D20231110
random_missing_80,80,random_missing,20268825,66,203,D20231122
random_missing_80,80,random_missing,20268825,67,204,D20231204
random_missing_80,80,random_missing,20268825,68,206,D20231228
random_missing_80,80,random_missing,20268825,69,208,D20240121
random_missing_80,80,random_missing,20268825,70,212,D20240309
random_missing_80,80,random_missing,20268825,71,218,D20240520
random_missing_80,80,random_missing,20268825,72,225,D20240812
random_missing_80,80,random_missing,20268825,73,236,D20241222
random_missing_80,80,random_missing,20268825,74,237,D20250103
random_missing_80,80,random_missing,20268825,75,239,D20250127
random_missing_80,80,random_missing,20268825,76,241,D20250220
random_missing_80,80,random_missing,20268825,77,245,D20250409
random_missing_80,80,random_missing,20268825,78,246,D20250421
random_missing_80,80,random_missing,20268825,79,247,D20250503
continuous_gap_80,80,continuous_gap,20268826,0,0,D20170322
continuous_gap_80,80,continuous_gap,20268826,1,1,D20170403
continuous_gap_80,80,continuous_gap,20268826,2,2,D20170415
continuous_gap_80,80,continuous_gap,20268826,3,3,D20170427
continuous_gap_80,80,continuous_gap,20268826,4,172,D20221115
continuous_gap_80,80,continuous_gap,20268826,5,173,D20221127
continuous_gap_80,80,continuous_gap,20268826,6,174,D20221209
continuous_gap_80,80,continuous_gap,20268826,7,175,D20221221
continuous_gap_80,80,continuous_gap,20268826,8,176,D20230102
continuous_gap_80,80,continuous_gap,20268826,9,177,D20230114
continuous_gap_80,80,continuous_gap,20268826,10,178,D20230126
continuous_gap_80,80,continuous_gap,20268826,11,179,D20230207
continuous_gap_80,80,continuous_gap,20268826,12,180,D20230219
continuous_gap_80,80,continuous_gap,20268826,13,181,D20230303
continuous_gap_80,80,continuous_gap,20268826,14,182,D20230315
continuous_gap_80,80,continuous_gap,20268826,15,183,D20230327
continuous_gap_80,80,continuous_gap,20268826,16,184,D20230408
continuous_gap_80,80,continuous_gap,20268826,17,185,D20230420
continuous_gap_80,80,continuous_gap,20268826,18,186,D20230502
continuous_gap_80,80,continuous_gap,20268826,19,187,D20230514
continuous_gap_80,80,continuous_gap,20268826,20,188,D20230526
continuous_gap_80,80,continuous_gap,20268826,21,189,D20230607
continuous_gap_80,80,continuous_gap,20268826,22,190,D20230619
continuous_gap_80,80,continuous_gap,20268826,23,191,D20230701
continuous_gap_80,80,continuous_gap,20268826,24,192,D20230713
continuous_gap_80,80,continuous_gap,20268826,25,193,D20230725
continuous_gap_80,80,continuous_gap,20268826,26,194,D20230806
continuous_gap_80,80,continuous_gap,20268826,27,195,D20230818
continuous_gap_80,80,continuous_gap,20268826,28,196,D20230830
continuous_gap_80,80,continuous_gap,20268826,29,197,D20230911
continuous_gap_80,80,continuous_gap,20268826,30,198,D20230923
continuous_gap_80,80,continuous_gap,20268826,31,199,D20231005
continuous_gap_80,80,continuous_gap,20268826,32,200,D20231017
continuous_gap_80,80,continuous_gap,20268826,33,201,D20231029
continuous_gap_80,80,continuous_gap,20268826,34,202,D20231110
continuous_gap_80,80,continuous_gap,20268826,35,203,D20231122
continuous_gap_80,80,continuous_gap,20268826,36,204,D20231204
continuous_gap_80,80,continuous_gap,20268826,37,205,D20231216
continuous_gap_80,80,continuous_gap,20268826,38,206,D20231228
continuous_gap_80,80,continuous_gap,20268826,39,207,D20240109
continuous_gap_80,80,continuous_gap,20268826,40,208,D20240121
continuous_gap_80,80,continuous_gap,20268826,41,209,D20240202
continuous_gap_80,80,continuous_gap,20268826,42,210,D20240214
continuous_gap_80,80,continuous_gap,20268826,43,211,D20240226
continuous_gap_80,80,continuous_gap,20268826,44,212,D20240309
continuous_gap_80,80,continuous_gap,20268826,45,213,D20240321
continuous_gap_80,80,continuous_gap,20268826,46,214,D20240402
continuous_gap_80,80,continuous_gap,20268826,47,215,D20240414
continuous_gap_80,80,continuous_gap,20268826,48,216,D20240426
continuous_gap_80,80,continuous_gap,20268826,49,217,D20240508
continuous_gap_80,80,continuous_gap,20268826,50,218,D20240520
continuous_gap_80,80,continuous_gap,20268826,51,219,D20240601
continuous_gap_80,80,continuous_gap,20268826,52,220,D20240613
continuous_gap_80,80,continuous_gap,20268826,53,221,D20240625
continuous_gap_80,80,continuous_gap,20268826,54,222,D20240707
continuous_gap_80,80,continuous_gap,20268826,55,223,D20240719
continuous_gap_80,80,continuous_gap,20268826,56,224,D20240731
continuous_gap_80,80,continuous_gap,20268826,57,225,D20240812
continuous_gap_80,80,continuous_gap,20268826,58,226,D20240824
continuous_gap_80,80,continuous_gap,20268826,59,227,D20240905
continuous_gap_80,80,continuous_gap,20268826,60,228,D20240917
continuous_gap_80,80,continuous_gap,20268826,61,229,D20240929
continuous_gap_80,80,continuous_gap,20268826,62,230,D20241011
continuous_gap_80,80,continuous_gap,20268826,63,231,D20241023
continuous_gap_80,80,continuous_gap,20268826,64,232,D20241104
continuous_gap_80,80,continuous_gap,20268826,65,233,D20241116
continuous_gap_80,80,continuous_gap,20268826,66,234,D20241128
continuous_gap_80,80,continuous_gap,20268826,67,235,D20241210
continuous_gap_80,80,continuous_gap,20268826,68,236,D20241222
continuous_gap_80,80,continuous_gap,20268826,69,237,D20250103
continuous_gap_80,80,continuous_gap,20268826,70,238,D20250115
continuous_gap_80,80,continuous_gap,20268826,71,239,D20250127
continuous_gap_80,80,continuous_gap,20268826,72,240,D20250208
continuous_gap_80,80,continuous_gap,20268826,73,241,D20250220
continuous_gap_80,80,continuous_gap,20268826,74,242,D20250304
continuous_gap_80,80,continuous_gap,20268826,75,243,D20250316
continuous_gap_80,80,continuous_gap,20268826,76,244,D20250328
continuous_gap_80,80,continuous_gap,20268826,77,245,D20250409
continuous_gap_80,80,continuous_gap,20268826,78,246,D20250421
continuous_gap_80,80,continuous_gap,20268826,79,247,D20250503
front_dense_back_sparse_80,80,front_dense_back_sparse,20268827,0,0,D20170322
front_dense_back_sparse_80,80,front_dense_back_sparse,20268827,1,2,D20170415
front_dense_back_sparse_80,80,front_dense_back_sparse,20268827,2,4,D20170509
front_dense_back_sparse_80,80,front_dense_back_sparse,20268827,3,7,D20170614
front_dense_back_sparse_80,80,front_dense_back_sparse,20268827,4,9,D20170708
front_dense_back_sparse_80,80,front_dense_back_sparse,20268827,5,11,D20170801
front_dense_back_sparse_80,80,front_dense_back_sparse,20268827,6,13,D20170825
front_dense_back_sparse_80,80,front_dense_back_sparse,20268827,7,16,D20170930
front_dense_back_sparse_80,80,front_dense_back_sparse,20268827,8,18,D20171024
front_dense_back_sparse_80,80,front_dense_back_sparse,20268827,9,20,D20171117
front_dense_back_sparse_80,80,front_dense_back_sparse,20268827,10,22,D20171211
front_dense_back_sparse_80,80,front_dense_back_sparse,20268827,11,25,D20180116
front_dense_back_sparse_80,80,front_dense_back_sparse,20268827,12,27,D20180209
front_dense_back_sparse_80,80,front_dense_back_sparse,20268827,13,29,D20180305
front_dense_back_sparse_80,80,front_dense_back_sparse,20268827,14,31,D20180329
front_dense_back_sparse_80,80,front_dense_back_sparse,20268827,15,34,D20180504
front_dense_back_sparse_80,80,front_dense_back_sparse,20268827,16,36,D20180528
front_dense_back_sparse_80,80,front_dense_back_sparse,20268827,17,38,D20180621
front_dense_back_sparse_80,80,front_dense_back_sparse,20268827,18,40,D20180715
front_dense_back_sparse_80,80,front_dense_back_sparse,20268827,19,42,D20180808
front_dense_back_sparse_80,80,front_dense_back_sparse,20268827,20,45,D20180913
front_dense_back_sparse_80,80,front_dense_back_sparse,20268827,21,47,D20181007
front_dense_back_sparse_80,80,front_dense_back_sparse,20268827,22,49,D20181031
front_dense_back_sparse_80,80,front_dense_back_sparse,20268827,23,51,D20181124
front_dense_back_sparse_80,80,front_dense_back_sparse,20268827,24,54,D20181230
front_dense_back_sparse_80,80,front_dense_back_sparse,20268827,25,56,D20190123
front_dense_back_sparse_80,80,front_dense_back_sparse,20268827,26,58,D20190216
front_dense_back_sparse_80,80,front_dense_back_sparse,20268827,27,60,D20190312
front_dense_back_sparse_80,80,front_dense_back_sparse,20268827,28,63,D20190417
front_dense_back_sparse_80,80,front_dense_back_sparse,20268827,29,65,D20190511
front_dense_back_sparse_80,80,front_dense_back_sparse,20268827,30,67,D20190604
front_dense_back_sparse_80,80,front_dense_back_sparse,20268827,31,69,D20190628
front_dense_back_sparse_80,80,front_dense_back_sparse,20268827,32,72,D20190803
front_dense_back_sparse_80,80,front_dense_back_sparse,20268827,33,74,D20190827
front_dense_back_sparse_80,80,front_dense_back_sparse,20268827,34,76,D20190920
front_dense_back_sparse_80,80,front_dense_back_sparse,20268827,35,78,D20191014
front_dense_back_sparse_80,80,front_dense_back_sparse,20268827,36,81,D20191119
front_dense_back_sparse_80,80,front_dense_back_sparse,20268827,37,83,D20191213
front_dense_back_sparse_80,80,front_dense_back_sparse,20268827,38,85,D20200106
front_dense_back_sparse_80,80,front_dense_back_sparse,20268827,39,87,D20200130
front_dense_back_sparse_80,80,front_dense_back_sparse,20268827,40,89,D20200223
front_dense_back_sparse_80,80,front_dense_back_sparse,20268827,41,92,D20200330
front_dense_back_sparse_80,80,front_dense_back_sparse,20268827,42,94,D20200423
front_dense_back_sparse_80,80,front_dense_back_sparse,20268827,43,96,D20200517
front_dense_back_sparse_80,80,front_dense_back_sparse,20268827,44,98,D20200610
front_dense_back_sparse_80,80,front_dense_back_sparse,20268827,45,101,D20200716
front_dense_back_sparse_80,80,front_dense_back_sparse,20268827,46,103,D20200809
front_dense_back_sparse_80,80,front_dense_back_sparse,20268827,47,105,D20200902
front_dense_back_sparse_80,80,front_dense_back_sparse,20268827,48,107,D20200926
front_dense_back_sparse_80,80,front_dense_back_sparse,20268827,49,110,D20201101
front_dense_back_sparse_80,80,front_dense_back_sparse,20268827,50,112,D20201125
front_dense_back_sparse_80,80,front_dense_back_sparse,20268827,51,114,D20201219
front_dense_back_sparse_80,80,front_dense_back_sparse,20268827,52,116,D20210112
front_dense_back_sparse_80,80,front_dense_back_sparse,20268827,53,119,D20210217
front_dense_back_sparse_80,80,front_dense_back_sparse,20268827,54,121,D20210313
front_dense_back_sparse_80,80,front_dense_back_sparse,20268827,55,123,D20210406
front_dense_back_sparse_80,80,front_dense_back_sparse,20268827,56,124,D20210418
front_dense_back_sparse_80,80,front_dense_back_sparse,20268827,57,129,D20210617
front_dense_back_sparse_80,80,front_dense_back_sparse,20268827,58,135,D20210828
front_dense_back_sparse_80,80,front_dense_back_sparse,20268827,59,140,D20211027
front_dense_back_sparse_80,80,front_dense_back_sparse,20268827,60,145,D20211226
front_dense_back_sparse_80,80,front_dense_back_sparse,20268827,61,151,D20220308
front_dense_back_sparse_80,80,front_dense_back_sparse,20268827,62,156,D20220507
front_dense_back_sparse_80,80,front_dense_back_sparse,20268827,63,161,D20220706
front_dense_back_sparse_80,80,front_dense_back_sparse,20268827,64,167,D20220916
front_dense_back_sparse_80,80,front_dense_back_sparse,20268827,65,172,D20221115
front_dense_back_sparse_80,80,front_dense_back_sparse,20268827,66,177,D20230114
front_dense_back_sparse_80,80,front_dense_back_sparse,20268827,67,183,D20230327
front_dense_back_sparse_80,80,front_dense_back_sparse,20268827,68,188,D20230526
front_dense_back_sparse_80,80,front_dense_back_sparse,20268827,69,194,D20230806
front_dense_back_sparse_80,80,front_dense_back_sparse,20268827,70,199,D20231005
front_dense_back_sparse_80,80,front_dense_back_sparse,20268827,71,204,D20231204
front_dense_back_sparse_80,80,front_dense_back_sparse,20268827,72,210,D20240214
front_dense_back_sparse_80,80,front_dense_back_sparse,20268827,73,215,D20240414
front_dense_back_sparse_80,80,front_dense_back_sparse,20268827,74,220,D20240613
front_dense_back_sparse_80,80,front_dense_back_sparse,20268827,75,226,D20240824
front_dense_back_sparse_80,80,front_dense_back_sparse,20268827,76,231,D20241023
front_dense_back_sparse_80,80,front_dense_back_sparse,20268827,77,236,D20241222
front_dense_back_sparse_80,80,front_dense_back_sparse,20268827,78,242,D20250304
front_dense_back_sparse_80,80,front_dense_back_sparse,20268827,79,247,D20250503
front_sparse_back_dense_80,80,front_sparse_back_dense,20268828,0,0,D20170322
front_sparse_back_dense_80,80,front_sparse_back_dense,20268828,1,5,D20170521
front_sparse_back_dense_80,80,front_sparse_back_dense,20268828,2,11,D20170801
front_sparse_back_dense_80,80,front_sparse_back_dense,20268828,3,16,D20170930
front_sparse_back_dense_80,80,front_sparse_back_dense,20268828,4,21,D20171129
front_sparse_back_dense_80,80,front_sparse_back_dense,20268828,5,27,D20180209
front_sparse_back_dense_80,80,front_sparse_back_dense,20268828,6,32,D20180410
front_sparse_back_dense_80,80,front_sparse_back_dense,20268828,7,37,D20180609
front_sparse_back_dense_80,80,front_sparse_back_dense,20268828,8,43,D20180820
front_sparse_back_dense_80,80,front_sparse_back_dense,20268828,9,48,D20181019
front_sparse_back_dense_80,80,front_sparse_back_dense,20268828,10,53,D20181218
front_sparse_back_dense_80,80,front_sparse_back_dense,20268828,11,59,D20190228
front_sparse_back_dense_80,80,front_sparse_back_dense,20268828,12,64,D20190429
front_sparse_back_dense_80,80,front_sparse_back_dense,20268828,13,70,D20190710
front_sparse_back_dense_80,80,front_sparse_back_dense,20268828,14,75,D20190908
front_sparse_back_dense_80,80,front_sparse_back_dense,20268828,15,80,D20191107
front_sparse_back_dense_80,80,front_sparse_back_dense,20268828,16,86,D20200118
front_sparse_back_dense_80,80,front_sparse_back_dense,20268828,17,91,D20200318
front_sparse_back_dense_80,80,front_sparse_back_dense,20268828,18,96,D20200517
front_sparse_back_dense_80,80,front_sparse_back_dense,20268828,19,102,D20200728
front_sparse_back_dense_80,80,front_sparse_back_dense,20268828,20,107,D20200926
front_sparse_back_dense_80,80,front_sparse_back_dense,20268828,21,112,D20201125
front_sparse_back_dense_80,80,front_sparse_back_dense,20268828,22,118,D20210205
front_sparse_back_dense_80,80,front_sparse_back_dense,20268828,23,123,D20210406
front_sparse_back_dense_80,80,front_sparse_back_dense,20268828,24,124,D20210418
front_sparse_back_dense_80,80,front_sparse_back_dense,20268828,25,126,D20210512
front_sparse_back_dense_80,80,front_sparse_back_dense,20268828,26,128,D20210605
front_sparse_back_dense_80,80,front_sparse_back_dense,20268828,27,131,D20210711
front_sparse_back_dense_80,80,front_sparse_back_dense,20268828,28,133,D20210804
front_sparse_back_dense_80,80,front_sparse_back_dense,20268828,29,135,D20210828
front_sparse_back_dense_80,80,front_sparse_back_dense,20268828,30,137,D20210921
front_sparse_back_dense_80,80,front_sparse_back_dense,20268828,31,140,D20211027
front_sparse_back_dense_80,80,front_sparse_back_dense,20268828,32,142,D20211120
front_sparse_back_dense_80,80,front_sparse_back_dense,20268828,33,144,D20211214
front_sparse_back_dense_80,80,front_sparse_back_dense,20268828,34,146,D20220107
front_sparse_back_dense_80,80,front_sparse_back_dense,20268828,35,149,D20220212
front_sparse_back_dense_80,80,front_sparse_back_dense,20268828,36,151,D20220308
front_sparse_back_dense_80,80,front_sparse_back_dense,20268828,37,153,D20220401
front_sparse_back_dense_80,80,front_sparse_back_dense,20268828,38,155,D20220425
front_sparse_back_dense_80,80,front_sparse_back_dense,20268828,39,158,D20220531
front_sparse_back_dense_80,80,front_sparse_back_dense,20268828,40,160,D20220624
front_sparse_back_dense_80,80,front_sparse_back_dense,20268828,41,162,D20220718
front_sparse_back_dense_80,80,front_sparse_back_dense,20268828,42,164,D20220811
front_sparse_back_dense_80,80,front_sparse_back_dense,20268828,43,166,D20220904
front_sparse_back_dense_80,80,front_sparse_back_dense,20268828,44,169,D20221010
front_sparse_back_dense_80,80,front_sparse_back_dense,20268828,45,171,D20221103
front_sparse_back_dense_80,80,front_sparse_back_dense,20268828,46,173,D20221127
front_sparse_back_dense_80,80,front_sparse_back_dense,20268828,47,175,D20221221
front_sparse_back_dense_80,80,front_sparse_back_dense,20268828,48,178,D20230126
front_sparse_back_dense_80,80,front_sparse_back_dense,20268828,49,180,D20230219
front_sparse_back_dense_80,80,front_sparse_back_dense,20268828,50,182,D20230315
front_sparse_back_dense_80,80,front_sparse_back_dense,20268828,51,184,D20230408
front_sparse_back_dense_80,80,front_sparse_back_dense,20268828,52,187,D20230514
front_sparse_back_dense_80,80,front_sparse_back_dense,20268828,53,189,D20230607
front_sparse_back_dense_80,80,front_sparse_back_dense,20268828,54,191,D20230701
front_sparse_back_dense_80,80,front_sparse_back_dense,20268828,55,193,D20230725
front_sparse_back_dense_80,80,front_sparse_back_dense,20268828,56,196,D20230830
front_sparse_back_dense_80,80,front_sparse_back_dense,20268828,57,198,D20230923
front_sparse_back_dense_80,80,front_sparse_back_dense,20268828,58,200,D20231017
front_sparse_back_dense_80,80,front_sparse_back_dense,20268828,59,202,D20231110
front_sparse_back_dense_80,80,front_sparse_back_dense,20268828,60,205,D20231216
front_sparse_back_dense_80,80,front_sparse_back_dense,20268828,61,207,D20240109
front_sparse_back_dense_80,80,front_sparse_back_dense,20268828,62,209,D20240202
front_sparse_back_dense_80,80,front_sparse_back_dense,20268828,63,211,D20240226
front_sparse_back_dense_80,80,front_sparse_back_dense,20268828,64,213,D20240321
front_sparse_back_dense_80,80,front_sparse_back_dense,20268828,65,216,D20240426
front_sparse_back_dense_80,80,front_sparse_back_dense,20268828,66,218,D20240520
front_sparse_back_dense_80,80,front_sparse_back_dense,20268828,67,220,D20240613
front_sparse_back_dense_80,80,front_sparse_back_dense,20268828,68,222,D20240707
front_sparse_back_dense_80,80,front_sparse_back_dense,20268828,69,225,D20240812
front_sparse_back_dense_80,80,front_sparse_back_dense,20268828,70,227,D20240905
front_sparse_back_dense_80,80,front_sparse_back_dense,20268828,71,229,D20240929
front_sparse_back_dense_80,80,front_sparse_back_dense,20268828,72,231,D20241023
front_sparse_back_dense_80,80,front_sparse_back_dense,20268828,73,234,D20241128
front_sparse_back_dense_80,80,front_sparse_back_dense,20268828,74,236,D20241222
front_sparse_back_dense_80,80,front_sparse_back_dense,20268828,75,238,D20250115
front_sparse_back_dense_80,80,front_sparse_back_dense,20268828,76,240,D20250208
front_sparse_back_dense_80,80,front_sparse_back_dense,20268828,77,243,D20250316
front_sparse_back_dense_80,80,front_sparse_back_dense,20268828,78,245,D20250409
front_sparse_back_dense_80,80,front_sparse_back_dense,20268828,79,247,D20250503
uniform_60,60,uniform,20266824,0,0,D20170322
uniform_60,60,uniform,20266824,1,4,D20170509
uniform_60,60,uniform,20266824,2,8,D20170626
uniform_60,60,uniform,20266824,3,13,D20170825
uniform_60,60,uniform,20266824,4,17,D20171012
uniform_60,60,uniform,20266824,5,21,D20171129
uniform_60,60,uniform,20266824,6,25,D20180116
uniform_60,60,uniform,20266824,7,29,D20180305
uniform_60,60,uniform,20266824,8,33,D20180422
uniform_60,60,uniform,20266824,9,38,D20180621
uniform_60,60,uniform,20266824,10,42,D20180808
uniform_60,60,uniform,20266824,11,46,D20180925
uniform_60,60,uniform,20266824,12,50,D20181112
uniform_60,60,uniform,20266824,13,54,D20181230
uniform_60,60,uniform,20266824,14,59,D20190228
uniform_60,60,uniform,20266824,15,63,D20190417
uniform_60,60,uniform,20266824,16,67,D20190604
uniform_60,60,uniform,20266824,17,71,D20190722
uniform_60,60,uniform,20266824,18,75,D20190908
uniform_60,60,uniform,20266824,19,80,D20191107
uniform_60,60,uniform,20266824,20,84,D20191225
uniform_60,60,uniform,20266824,21,88,D20200211
uniform_60,60,uniform,20266824,22,92,D20200330
uniform_60,60,uniform,20266824,23,96,D20200517
uniform_60,60,uniform,20266824,24,100,D20200704
uniform_60,60,uniform,20266824,25,105,D20200902
uniform_60,60,uniform,20266824,26,109,D20201020
uniform_60,60,uniform,20266824,27,113,D20201207
uniform_60,60,uniform,20266824,28,117,D20210124
uniform_60,60,uniform,20266824,29,121,D20210313
uniform_60,60,uniform,20266824,30,126,D20210512
uniform_60,60,uniform,20266824,31,130,D20210629
uniform_60,60,uniform,20266824,32,134,D20210816
uniform_60,60,uniform,20266824,33,138,D20211003
uniform_60,60,uniform,20266824,34,142,D20211120
uniform_60,60,uniform,20266824,35,147,D20220119
uniform_60,60,uniform,20266824,36,151,D20220308
uniform_60,60,uniform,20266824,37,155,D20220425
uniform_60,60,uniform,20266824,38,159,D20220612
uniform_60,60,uniform,20266824,39,163,D20220730
uniform_60,60,uniform,20266824,40,167,D20220916
uniform_60,60,uniform,20266824,41,172,D20221115
uniform_60,60,uniform,20266824,42,176,D20230102
uniform_60,60,uniform,20266824,43,180,D20230219
uniform_60,60,uniform,20266824,44,184,D20230408
uniform_60,60,uniform,20266824,45,188,D20230526
uniform_60,60,uniform,20266824,46,193,D20230725
uniform_60,60,uniform,20266824,47,197,D20230911
uniform_60,60,uniform,20266824,48,201,D20231029
uniform_60,60,uniform,20266824,49,205,D20231216
uniform_60,60,uniform,20266824,50,209,D20240202
uniform_60,60,uniform,20266824,51,214,D20240402
uniform_60,60,uniform,20266824,52,218,D20240520
uniform_60,60,uniform,20266824,53,222,D20240707
uniform_60,60,uniform,20266824,54,226,D20240824
uniform_60,60,uniform,20266824,55,230,D20241011
uniform_60,60,uniform,20266824,56,234,D20241128
uniform_60,60,uniform,20266824,57,239,D20250127
uniform_60,60,uniform,20266824,58,243,D20250316
uniform_60,60,uniform,20266824,59,247,D20250503
random_missing_60,60,random_missing,20266825,0,0,D20170322
random_missing_60,60,random_missing,20266825,1,1,D20170403
random_missing_60,60,random_missing,20266825,2,10,D20170720
random_missing_60,60,random_missing,20266825,3,12,D20170813
random_missing_60,60,random_missing,20266825,4,19,D20171105
random_missing_60,60,random_missing,20266825,5,22,D20171211
random_missing_60,60,random_missing,20266825,6,25,D20180116
random_missing_60,60,random_missing,20266825,7,29,D20180305
random_missing_60,60,random_missing,20266825,8,33,D20180422
random_missing_60,60,random_missing,20266825,9,34,D20180504
random_missing_60,60,random_missing,20266825,10,35,D20180516
random_missing_60,60,random_missing,20266825,11,39,D20180703
random_missing_60,60,random_missing,20266825,12,57,D20190204
random_missing_60,60,random_missing,20266825,13,60,D20190312
random_missing_60,60,random_missing,20266825,14,66,D20190523
random_missing_60,60,random_missing,20266825,15,69,D20190628
random_missing_60,60,random_missing,20266825,16,71,D20190722
random_missing_60,60,random_missing,20266825,17,72,D20190803
random_missing_60,60,random_missing,20266825,18,74,D20190827
random_missing_60,60,random_missing,20266825,19,76,D20190920
random_missing_60,60,random_missing,20266825,20,79,D20191026
random_missing_60,60,random_missing,20266825,21,85,D20200106
random_missing_60,60,random_missing,20266825,22,99,D20200622
random_missing_60,60,random_missing,20266825,23,121,D20210313
random_missing_60,60,random_missing,20266825,24,123,D20210406
random_missing_60,60,random_missing,20266825,25,125,D20210430
random_missing_60,60,random_missing,20266825,26,132,D20210723
random_missing_60,60,random_missing,20266825,27,138,D20211003
random_missing_60,60,random_missing,20266825,28,140,D20211027
random_missing_60,60,random_missing,20266825,29,142,D20211120
random_missing_60,60,random_missing,20266825,30,145,D20211226
random_missing_60,60,random_missing,20266825,31,162,D20220718
random_missing_60,60,random_missing,20266825,32,165,D20220823
random_missing_60,60,random_missing,20266825,33,167,D20220916
random_missing_60,60,random_missing,20266825,34,168,D20220928
random_missing_60,60,random_missing,20266825,35,171,D20221103
random_missing_60,60,random_missing,20266825,36,179,D20230207
random_missing_60,60,random_missing,20266825,37,180,D20230219
random_missing_60,60,random_missing,20266825,38,182,D20230315
random_missing_60,60,random_missing,20266825,39,183,D20230327
random_missing_60,60,random_missing,20266825,40,187,D20230514
random_missing_60,60,random_missing,20266825,41,188,D20230526
random_missing_60,60,random_missing,20266825,42,193,D20230725
random_missing_60,60,random_missing,20266825,43,195,D20230818
random_missing_60,60,random_missing,20266825,44,196,D20230830
random_missing_60,60,random_missing,20266825,45,197,D20230911
random_missing_60,60,random_missing,20266825,46,198,D20230923
random_missing_60,60,random_missing,20266825,47,200,D20231017
random_missing_60,60,random_missing,20266825,48,203,D20231122
random_missing_60,60,random_missing,20266825,49,205,D20231216
random_missing_60,60,random_missing,20266825,50,210,D20240214
random_missing_60,60,random_missing,20266825,51,217,D20240508
random_missing_60,60,random_missing,20266825,52,218,D20240520
random_missing_60,60,random_missing,20266825,53,224,D20240731
random_missing_60,60,random_missing,20266825,54,226,D20240824
random_missing_60,60,random_missing,20266825,55,237,D20250103
random_missing_60,60,random_missing,20266825,56,238,D20250115
random_missing_60,60,random_missing,20266825,57,240,D20250208
random_missing_60,60,random_missing,20266825,58,243,D20250316
random_missing_60,60,random_missing,20266825,59,247,D20250503
continuous_gap_60,60,continuous_gap,20266826,0,0,D20170322
continuous_gap_60,60,continuous_gap,20266826,1,1,D20170403
continuous_gap_60,60,continuous_gap,20266826,2,2,D20170415
continuous_gap_60,60,continuous_gap,20266826,3,3,D20170427
continuous_gap_60,60,continuous_gap,20266826,4,4,D20170509
continuous_gap_60,60,continuous_gap,20266826,5,5,D20170521
continuous_gap_60,60,continuous_gap,20266826,6,6,D20170602
continuous_gap_60,60,continuous_gap,20266826,7,7,D20170614
continuous_gap_60,60,continuous_gap,20266826,8,8,D20170626
continuous_gap_60,60,continuous_gap,20266826,9,9,D20170708
continuous_gap_60,60,continuous_gap,20266826,10,10,D20170720
continuous_gap_60,60,continuous_gap,20266826,11,11,D20170801
continuous_gap_60,60,continuous_gap,20266826,12,12,D20170813
continuous_gap_60,60,continuous_gap,20266826,13,13,D20170825
continuous_gap_60,60,continuous_gap,20266826,14,14,D20170906
continuous_gap_60,60,continuous_gap,20266826,15,15,D20170918
continuous_gap_60,60,continuous_gap,20266826,16,16,D20170930
continuous_gap_60,60,continuous_gap,20266826,17,17,D20171012
continuous_gap_60,60,continuous_gap,20266826,18,18,D20171024
continuous_gap_60,60,continuous_gap,20266826,19,19,D20171105
continuous_gap_60,60,continuous_gap,20266826,20,20,D20171117
continuous_gap_60,60,continuous_gap,20266826,21,21,D20171129
continuous_gap_60,60,continuous_gap,20266826,22,22,D20171211
continuous_gap_60,60,continuous_gap,20266826,23,23,D20171223
continuous_gap_60,60,continuous_gap,20266826,24,24,D20180104
continuous_gap_60,60,continuous_gap,20266826,25,25,D20180116
continuous_gap_60,60,continuous_gap,20266826,26,26,D20180128
continuous_gap_60,60,continuous_gap,20266826,27,27,D20180209
continuous_gap_60,60,continuous_gap,20266826,28,28,D20180221
continuous_gap_60,60,continuous_gap,20266826,29,29,D20180305
continuous_gap_60,60,continuous_gap,20266826,30,30,D20180317
continuous_gap_60,60,continuous_gap,20266826,31,31,D20180329
continuous_gap_60,60,continuous_gap,20266826,32,32,D20180410
continuous_gap_60,60,continuous_gap,20266826,33,33,D20180422
continuous_gap_60,60,continuous_gap,20266826,34,34,D20180504
continuous_gap_60,60,continuous_gap,20266826,35,35,D20180516
continuous_gap_60,60,continuous_gap,20266826,36,36,D20180528
continuous_gap_60,60,continuous_gap,20266826,37,37,D20180609
continuous_gap_60,60,continuous_gap,20266826,38,38,D20180621
continuous_gap_60,60,continuous_gap,20266826,39,39,D20180703
continuous_gap_60,60,continuous_gap,20266826,40,40,D20180715
continuous_gap_60,60,continuous_gap,20266826,41,41,D20180727
continuous_gap_60,60,continuous_gap,20266826,42,42,D20180808
continuous_gap_60,60,continuous_gap,20266826,43,43,D20180820
continuous_gap_60,60,continuous_gap,20266826,44,44,D20180901
continuous_gap_60,60,continuous_gap,20266826,45,45,D20180913
continuous_gap_60,60,continuous_gap,20266826,46,46,D20180925
continuous_gap_60,60,continuous_gap,20266826,47,47,D20181007
continuous_gap_60,60,continuous_gap,20266826,48,48,D20181019
continuous_gap_60,60,continuous_gap,20266826,49,49,D20181031
continuous_gap_60,60,continuous_gap,20266826,50,50,D20181112
continuous_gap_60,60,continuous_gap,20266826,51,51,D20181124
continuous_gap_60,60,continuous_gap,20266826,52,52,D20181206
continuous_gap_60,60,continuous_gap,20266826,53,53,D20181218
continuous_gap_60,60,continuous_gap,20266826,54,54,D20181230
continuous_gap_60,60,continuous_gap,20266826,55,55,D20190111
continuous_gap_60,60,continuous_gap,20266826,56,56,D20190123
continuous_gap_60,60,continuous_gap,20266826,57,57,D20190204
continuous_gap_60,60,continuous_gap,20266826,58,246,D20250421
continuous_gap_60,60,continuous_gap,20266826,59,247,D20250503
front_dense_back_sparse_60,60,front_dense_back_sparse,20266827,0,0,D20170322
front_dense_back_sparse_60,60,front_dense_back_sparse,20266827,1,3,D20170427
front_dense_back_sparse_60,60,front_dense_back_sparse,20266827,2,6,D20170602
front_dense_back_sparse_60,60,front_dense_back_sparse,20266827,3,9,D20170708
front_dense_back_sparse_60,60,front_dense_back_sparse,20266827,4,12,D20170813
front_dense_back_sparse_60,60,front_dense_back_sparse,20266827,5,15,D20170918
front_dense_back_sparse_60,60,front_dense_back_sparse,20266827,6,18,D20171024
front_dense_back_sparse_60,60,front_dense_back_sparse,20266827,7,21,D20171129
front_dense_back_sparse_60,60,front_dense_back_sparse,20266827,8,24,D20180104
front_dense_back_sparse_60,60,front_dense_back_sparse,20266827,9,27,D20180209
front_dense_back_sparse_60,60,front_dense_back_sparse,20266827,10,30,D20180317
front_dense_back_sparse_60,60,front_dense_back_sparse,20266827,11,33,D20180422
front_dense_back_sparse_60,60,front_dense_back_sparse,20266827,12,36,D20180528
front_dense_back_sparse_60,60,front_dense_back_sparse,20266827,13,39,D20180703
front_dense_back_sparse_60,60,front_dense_back_sparse,20266827,14,42,D20180808
front_dense_back_sparse_60,60,front_dense_back_sparse,20266827,15,45,D20180913
front_dense_back_sparse_60,60,front_dense_back_sparse,20266827,16,48,D20181019
front_dense_back_sparse_60,60,front_dense_back_sparse,20266827,17,51,D20181124
front_dense_back_sparse_60,60,front_dense_back_sparse,20266827,18,54,D20181230
front_dense_back_sparse_60,60,front_dense_back_sparse,20266827,19,57,D20190204
front_dense_back_sparse_60,60,front_dense_back_sparse,20266827,20,60,D20190312
front_dense_back_sparse_60,60,front_dense_back_sparse,20266827,21,63,D20190417
front_dense_back_sparse_60,60,front_dense_back_sparse,20266827,22,66,D20190523
front_dense_back_sparse_60,60,front_dense_back_sparse,20266827,23,69,D20190628
front_dense_back_sparse_60,60,front_dense_back_sparse,20266827,24,72,D20190803
front_dense_back_sparse_60,60,front_dense_back_sparse,20266827,25,75,D20190908
front_dense_back_sparse_60,60,front_dense_back_sparse,20266827,26,78,D20191014
front_dense_back_sparse_60,60,front_dense_back_sparse,20266827,27,81,D20191119
front_dense_back_sparse_60,60,front_dense_back_sparse,20266827,28,84,D20191225
front_dense_back_sparse_60,60,front_dense_back_sparse,20266827,29,87,D20200130
front_dense_back_sparse_60,60,front_dense_back_sparse,20266827,30,90,D20200306
front_dense_back_sparse_60,60,front_dense_back_sparse,20266827,31,93,D20200411
front_dense_back_sparse_60,60,front_dense_back_sparse,20266827,32,96,D20200517
front_dense_back_sparse_60,60,front_dense_back_sparse,20266827,33,99,D20200622
front_dense_back_sparse_60,60,front_dense_back_sparse,20266827,34,102,D20200728
front_dense_back_sparse_60,60,front_dense_back_sparse,20266827,35,105,D20200902
front_dense_back_sparse_60,60,front_dense_back_sparse,20266827,36,108,D20201008
front_dense_back_sparse_60,60,front_dense_back_sparse,20266827,37,111,D20201113
front_dense_back_sparse_60,60,front_dense_back_sparse,20266827,38,114,D20201219
front_dense_back_sparse_60,60,front_dense_back_sparse,20266827,39,117,D20210124
front_dense_back_sparse_60,60,front_dense_back_sparse,20266827,40,120,D20210301
front_dense_back_sparse_60,60,front_dense_back_sparse,20266827,41,123,D20210406
front_dense_back_sparse_60,60,front_dense_back_sparse,20266827,42,124,D20210418
front_dense_back_sparse_60,60,front_dense_back_sparse,20266827,43,131,D20210711
front_dense_back_sparse_60,60,front_dense_back_sparse,20266827,44,138,D20211003
front_dense_back_sparse_60,60,front_dense_back_sparse,20266827,45,146,D20220107
front_dense_back_sparse_60,60,front_dense_back_sparse,20266827,46,153,D20220401
front_dense_back_sparse_60,60,front_dense_back_sparse,20266827,47,160,D20220624
front_dense_back_sparse_60,60,front_dense_back_sparse,20266827,48,167,D20220916
front_dense_back_sparse_60,60,front_dense_back_sparse,20266827,49,175,D20221221
front_dense_back_sparse_60,60,front_dense_back_sparse,20266827,50,182,D20230315
front_dense_back_sparse_60,60,front_dense_back_sparse,20266827,51,189,D20230607
front_dense_back_sparse_60,60,front_dense_back_sparse,20266827,52,196,D20230830
front_dense_back_sparse_60,60,front_dense_back_sparse,20266827,53,204,D20231204
front_dense_back_sparse_60,60,front_dense_back_sparse,20266827,54,211,D20240226
front_dense_back_sparse_60,60,front_dense_back_sparse,20266827,55,218,D20240520
front_dense_back_sparse_60,60,front_dense_back_sparse,20266827,56,225,D20240812
front_dense_back_sparse_60,60,front_dense_back_sparse,20266827,57,233,D20241116
front_dense_back_sparse_60,60,front_dense_back_sparse,20266827,58,240,D20250208
front_dense_back_sparse_60,60,front_dense_back_sparse,20266827,59,247,D20250503
front_sparse_back_dense_60,60,front_sparse_back_dense,20266828,0,0,D20170322
front_sparse_back_dense_60,60,front_sparse_back_dense,20266828,1,7,D20170614
front_sparse_back_dense_60,60,front_sparse_back_dense,20266828,2,14,D20170906
front_sparse_back_dense_60,60,front_sparse_back_dense,20266828,3,22,D20171211
front_sparse_back_dense_60,60,front_sparse_back_dense,20266828,4,29,D20180305
front_sparse_back_dense_60,60,front_sparse_back_dense,20266828,5,36,D20180528
front_sparse_back_dense_60,60,front_sparse_back_dense,20266828,6,43,D20180820
front_sparse_back_dense_60,60,front_sparse_back_dense,20266828,7,51,D20181124
front_sparse_back_dense_60,60,front_sparse_back_dense,20266828,8,58,D20190216
front_sparse_back_dense_60,60,front_sparse_back_dense,20266828,9,65,D20190511
front_sparse_back_dense_60,60,front_sparse_back_dense,20266828,10,72,D20190803
front_sparse_back_dense_60,60,front_sparse_back_dense,20266828,11,80,D20191107
front_sparse_back_dense_60,60,front_sparse_back_dense,20266828,12,87,D20200130
front_sparse_back_dense_60,60,front_sparse_back_dense,20266828,13,94,D20200423
front_sparse_back_dense_60,60,front_sparse_back_dense,20266828,14,101,D20200716
front_sparse_back_dense_60,60,front_sparse_back_dense,20266828,15,109,D20201020
front_sparse_back_dense_60,60,front_sparse_back_dense,20266828,16,116,D20210112
front_sparse_back_dense_60,60,front_sparse_back_dense,20266828,17,123,D20210406
front_sparse_back_dense_60,60,front_sparse_back_dense,20266828,18,124,D20210418
front_sparse_back_dense_60,60,front_sparse_back_dense,20266828,19,127,D20210524
front_sparse_back_dense_60,60,front_sparse_back_dense,20266828,20,130,D20210629
front_sparse_back_dense_60,60,front_sparse_back_dense,20266828,21,133,D20210804
front_sparse_back_dense_60,60,front_sparse_back_dense,20266828,22,136,D20210909
front_sparse_back_dense_60,60,front_sparse_back_dense,20266828,23,139,D20211015
front_sparse_back_dense_60,60,front_sparse_back_dense,20266828,24,142,D20211120
front_sparse_back_dense_60,60,front_sparse_back_dense,20266828,25,145,D20211226
front_sparse_back_dense_60,60,front_sparse_back_dense,20266828,26,148,D20220131
front_sparse_back_dense_60,60,front_sparse_back_dense,20266828,27,151,D20220308
front_sparse_back_dense_60,60,front_sparse_back_dense,20266828,28,154,D20220413
front_sparse_back_dense_60,60,front_sparse_back_dense,20266828,29,157,D20220519
front_sparse_back_dense_60,60,front_sparse_back_dense,20266828,30,160,D20220624
front_sparse_back_dense_60,60,front_sparse_back_dense,20266828,31,163,D20220730
front_sparse_back_dense_60,60,front_sparse_back_dense,20266828,32,166,D20220904
front_sparse_back_dense_60,60,front_sparse_back_dense,20266828,33,169,D20221010
front_sparse_back_dense_60,60,front_sparse_back_dense,20266828,34,172,D20221115
front_sparse_back_dense_60,60,front_sparse_back_dense,20266828,35,175,D20221221
front_sparse_back_dense_60,60,front_sparse_back_dense,20266828,36,178,D20230126
front_sparse_back_dense_60,60,front_sparse_back_dense,20266828,37,181,D20230303
front_sparse_back_dense_60,60,front_sparse_back_dense,20266828,38,184,D20230408
front_sparse_back_dense_60,60,front_sparse_back_dense,20266828,39,187,D20230514
front_sparse_back_dense_60,60,front_sparse_back_dense,20266828,40,190,D20230619
front_sparse_back_dense_60,60,front_sparse_back_dense,20266828,41,193,D20230725
front_sparse_back_dense_60,60,front_sparse_back_dense,20266828,42,196,D20230830
front_sparse_back_dense_60,60,front_sparse_back_dense,20266828,43,199,D20231005
front_sparse_back_dense_60,60,front_sparse_back_dense,20266828,44,202,D20231110
front_sparse_back_dense_60,60,front_sparse_back_dense,20266828,45,205,D20231216
front_sparse_back_dense_60,60,front_sparse_back_dense,20266828,46,208,D20240121
front_sparse_back_dense_60,60,front_sparse_back_dense,20266828,47,211,D20240226
front_sparse_back_dense_60,60,front_sparse_back_dense,20266828,48,214,D20240402
front_sparse_back_dense_60,60,front_sparse_back_dense,20266828,49,217,D20240508
front_sparse_back_dense_60,60,front_sparse_back_dense,20266828,50,220,D20240613
front_sparse_back_dense_60,60,front_sparse_back_dense,20266828,51,223,D20240719
front_sparse_back_dense_60,60,front_sparse_back_dense,20266828,52,226,D20240824
front_sparse_back_dense_60,60,front_sparse_back_dense,20266828,53,229,D20240929
front_sparse_back_dense_60,60,front_sparse_back_dense,20266828,54,232,D20241104
front_sparse_back_dense_60,60,front_sparse_back_dense,20266828,55,235,D20241210
front_sparse_back_dense_60,60,front_sparse_back_dense,20266828,56,238,D20250115
front_sparse_back_dense_60,60,front_sparse_back_dense,20266828,57,241,D20250220
front_sparse_back_dense_60,60,front_sparse_back_dense,20266828,58,244,D20250328
front_sparse_back_dense_60,60,front_sparse_back_dense,20266828,59,247,D20250503
uniform_40,40,uniform,20264824,0,0,D20170322
uniform_40,40,uniform,20264824,1,6,D20170602
uniform_40,40,uniform,20264824,2,13,D20170825
uniform_40,40,uniform,20264824,3,19,D20171105
uniform_40,40,uniform,20264824,4,25,D20180116
uniform_40,40,uniform,20264824,5,32,D20180410
uniform_40,40,uniform,20264824,6,38,D20180621
uniform_40,40,uniform,20264824,7,44,D20180901
uniform_40,40,uniform,20264824,8,51,D20181124
uniform_40,40,uniform,20264824,9,57,D20190204
uniform_40,40,uniform,20264824,10,63,D20190417
uniform_40,40,uniform,20264824,11,70,D20190710
uniform_40,40,uniform,20264824,12,76,D20190920
uniform_40,40,uniform,20264824,13,82,D20191201
uniform_40,40,uniform,20264824,14,89,D20200223
uniform_40,40,uniform,20264824,15,95,D20200505
uniform_40,40,uniform,20264824,16,101,D20200716
uniform_40,40,uniform,20264824,17,108,D20201008
uniform_40,40,uniform,20264824,18,114,D20201219
uniform_40,40,uniform,20264824,19,120,D20210301
uniform_40,40,uniform,20264824,20,127,D20210524
uniform_40,40,uniform,20264824,21,133,D20210804
uniform_40,40,uniform,20264824,22,139,D20211015
uniform_40,40,uniform,20264824,23,146,D20220107
uniform_40,40,uniform,20264824,24,152,D20220320
uniform_40,40,uniform,20264824,25,158,D20220531
uniform_40,40,uniform,20264824,26,165,D20220823
uniform_40,40,uniform,20264824,27,171,D20221103
uniform_40,40,uniform,20264824,28,177,D20230114
uniform_40,40,uniform,20264824,29,184,D20230408
uniform_40,40,uniform,20264824,30,190,D20230619
uniform_40,40,uniform,20264824,31,196,D20230830
uniform_40,40,uniform,20264824,32,203,D20231122
uniform_40,40,uniform,20264824,33,209,D20240202
uniform_40,40,uniform,20264824,34,215,D20240414
uniform_40,40,uniform,20264824,35,222,D20240707
uniform_40,40,uniform,20264824,36,228,D20240917
uniform_40,40,uniform,20264824,37,234,D20241128
uniform_40,40,uniform,20264824,38,241,D20250220
uniform_40,40,uniform,20264824,39,247,D20250503
random_missing_40,40,random_missing,20264825,0,0,D20170322
random_missing_40,40,random_missing,20264825,1,1,D20170403
random_missing_40,40,random_missing,20264825,2,11,D20170801
random_missing_40,40,random_missing,20264825,3,31,D20180329
random_missing_40,40,random_missing,20264825,4,41,D20180727
random_missing_40,40,random_missing,20264825,5,52,D20181206
random_missing_40,40,random_missing,20264825,6,54,D20181230
random_missing_40,40,random_missing,20264825,7,64,D20190429
random_missing_40,40,random_missing,20264825,8,68,D20190616
random_missing_40,40,random_missing,20264825,9,69,D20190628
random_missing_40,40,random_missing,20264825,10,70,D20190710
random_missing_40,40,random_missing,20264825,11,74,D20190827
random_missing_40,40,random_missing,20264825,12,86,D20200118
random_missing_40,40,random_missing,20264825,13,99,D20200622
random_missing_40,40,random_missing,20264825,14,104,D20200821
random_missing_40,40,random_missing,20264825,15,106,D20200914
random_missing_40,40,random_missing,20264825,16,110,D20201101
random_missing_40,40,random_missing,20264825,17,116,D20210112
random_missing_40,40,random_missing,20264825,18,120,D20210301
random_missing_40,40,random_missing,20264825,19,121,D20210313
random_missing_40,40,random_missing,20264825,20,125,D20210430
random_missing_40,40,random_missing,20264825,21,129,D20210617
random_missing_40,40,random_missing,20264825,22,135,D20210828
random_missing_40,40,random_missing,20264825,23,136,D20210909
random_missing_40,40,random_missing,20264825,24,139,D20211015
random_missing_40,40,random_missing,20264825,25,144,D20211214
random_missing_40,40,random_missing,20264825,26,147,D20220119
random_missing_40,40,random_missing,20264825,27,155,D20220425
random_missing_40,40,random_missing,20264825,28,180,D20230219
random_missing_40,40,random_missing,20264825,29,181,D20230303
random_missing_40,40,random_missing,20264825,30,186,D20230502
random_missing_40,40,random_missing,20264825,31,188,D20230526
random_missing_40,40,random_missing,20264825,32,192,D20230713
random_missing_40,40,random_missing,20264825,33,202,D20231110
random_missing_40,40,random_missing,20264825,34,211,D20240226
random_missing_40,40,random_missing,20264825,35,212,D20240309
random_missing_40,40,random_missing,20264825,36,237,D20250103
random_missing_40,40,random_missing,20264825,37,242,D20250304
random_missing_40,40,random_missing,20264825,38,245,D20250409
random_missing_40,40,random_missing,20264825,39,247,D20250503
continuous_gap_40,40,continuous_gap,20264826,0,0,D20170322
continuous_gap_40,40,continuous_gap,20264826,1,1,D20170403
continuous_gap_40,40,continuous_gap,20264826,2,2,D20170415
continuous_gap_40,40,continuous_gap,20264826,3,3,D20170427
continuous_gap_40,40,continuous_gap,20264826,4,4,D20170509
continuous_gap_40,40,continuous_gap,20264826,5,5,D20170521
continuous_gap_40,40,continuous_gap,20264826,6,6,D20170602
continuous_gap_40,40,continuous_gap,20264826,7,7,D20170614
continuous_gap_40,40,continuous_gap,20264826,8,216,D20240426
continuous_gap_40,40,continuous_gap,20264826,9,217,D20240508
continuous_gap_40,40,continuous_gap,20264826,10,218,D20240520
continuous_gap_40,40,continuous_gap,20264826,11,219,D20240601
continuous_gap_40,40,continuous_gap,20264826,12,220,D20240613
continuous_gap_40,40,continuous_gap,20264826,13,221,D20240625
continuous_gap_40,40,continuous_gap,20264826,14,222,D20240707
continuous_gap_40,40,continuous_gap,20264826,15,223,D20240719
continuous_gap_40,40,continuous_gap,20264826,16,224,D20240731
continuous_gap_40,40,continuous_gap,20264826,17,225,D20240812
continuous_gap_40,40,continuous_gap,20264826,18,226,D20240824
continuous_gap_40,40,continuous_gap,20264826,19,227,D20240905
continuous_gap_40,40,continuous_gap,20264826,20,228,D20240917
continuous_gap_40,40,continuous_gap,20264826,21,229,D20240929
continuous_gap_40,40,continuous_gap,20264826,22,230,D20241011
continuous_gap_40,40,continuous_gap,20264826,23,231,D20241023
continuous_gap_40,40,continuous_gap,20264826,24,232,D20241104
continuous_gap_40,40,continuous_gap,20264826,25,233,D20241116
continuous_gap_40,40,continuous_gap,20264826,26,234,D20241128
continuous_gap_40,40,continuous_gap,20264826,27,235,D20241210
continuous_gap_40,40,continuous_gap,20264826,28,236,D20241222
continuous_gap_40,40,continuous_gap,20264826,29,237,D20250103
continuous_gap_40,40,continuous_gap,20264826,30,238,D20250115
continuous_gap_40,40,continuous_gap,20264826,31,239,D20250127
continuous_gap_40,40,continuous_gap,20264826,32,240,D20250208
continuous_gap_40,40,continuous_gap,20264826,33,241,D20250220
continuous_gap_40,40,continuous_gap,20264826,34,242,D20250304
continuous_gap_40,40,continuous_gap,20264826,35,243,D20250316
continuous_gap_40,40,continuous_gap,20264826,36,244,D20250328
continuous_gap_40,40,continuous_gap,20264826,37,245,D20250409
continuous_gap_40,40,continuous_gap,20264826,38,246,D20250421
continuous_gap_40,40,continuous_gap,20264826,39,247,D20250503
front_dense_back_sparse_40,40,front_dense_back_sparse,20264827,0,0,D20170322
front_dense_back_sparse_40,40,front_dense_back_sparse,20264827,1,5,D20170521
front_dense_back_sparse_40,40,front_dense_back_sparse,20264827,2,9,D20170708
front_dense_back_sparse_40,40,front_dense_back_sparse,20264827,3,14,D20170906
front_dense_back_sparse_40,40,front_dense_back_sparse,20264827,4,18,D20171024
front_dense_back_sparse_40,40,front_dense_back_sparse,20264827,5,23,D20171223
front_dense_back_sparse_40,40,front_dense_back_sparse,20264827,6,27,D20180209
front_dense_back_sparse_40,40,front_dense_back_sparse,20264827,7,32,D20180410
front_dense_back_sparse_40,40,front_dense_back_sparse,20264827,8,36,D20180528
front_dense_back_sparse_40,40,front_dense_back_sparse,20264827,9,41,D20180727
front_dense_back_sparse_40,40,front_dense_back_sparse,20264827,10,46,D20180925
front_dense_back_sparse_40,40,front_dense_back_sparse,20264827,11,50,D20181112
front_dense_back_sparse_40,40,front_dense_back_sparse,20264827,12,55,D20190111
front_dense_back_sparse_40,40,front_dense_back_sparse,20264827,13,59,D20190228
front_dense_back_sparse_40,40,front_dense_back_sparse,20264827,14,64,D20190429
front_dense_back_sparse_40,40,front_dense_back_sparse,20264827,15,68,D20190616
front_dense_back_sparse_40,40,front_dense_back_sparse,20264827,16,73,D20190815
front_dense_back_sparse_40,40,front_dense_back_sparse,20264827,17,77,D20191002
front_dense_back_sparse_40,40,front_dense_back_sparse,20264827,18,82,D20191201
front_dense_back_sparse_40,40,front_dense_back_sparse,20264827,19,87,D20200130
front_dense_back_sparse_40,40,front_dense_back_sparse,20264827,20,91,D20200318
front_dense_back_sparse_40,40,front_dense_back_sparse,20264827,21,96,D20200517
front_dense_back_sparse_40,40,front_dense_back_sparse,20264827,22,100,D20200704
front_dense_back_sparse_40,40,front_dense_back_sparse,20264827,23,105,D20200902
front_dense_back_sparse_40,40,front_dense_back_sparse,20264827,24,109,D20201020
front_dense_back_sparse_40,40,front_dense_back_sparse,20264827,25,114,D20201219
front_dense_back_sparse_40,40,front_dense_back_sparse,20264827,26,118,D20210205
front_dense_back_sparse_40,40,front_dense_back_sparse,20264827,27,123,D20210406
front_dense_back_sparse_40,40,front_dense_back_sparse,20264827,28,124,D20210418
front_dense_back_sparse_40,40,front_dense_back_sparse,20264827,29,135,D20210828
front_dense_back_sparse_40,40,front_dense_back_sparse,20264827,30,146,D20220107
front_dense_back_sparse_40,40,front_dense_back_sparse,20264827,31,158,D20220531
front_dense_back_sparse_40,40,front_dense_back_sparse,20264827,32,169,D20221010
front_dense_back_sparse_40,40,front_dense_back_sparse,20264827,33,180,D20230219
front_dense_back_sparse_40,40,front_dense_back_sparse,20264827,34,191,D20230701
front_dense_back_sparse_40,40,front_dense_back_sparse,20264827,35,202,D20231110
front_dense_back_sparse_40,40,front_dense_back_sparse,20264827,36,213,D20240321
front_dense_back_sparse_40,40,front_dense_back_sparse,20264827,37,225,D20240812
front_dense_back_sparse_40,40,front_dense_back_sparse,20264827,38,236,D20241222
front_dense_back_sparse_40,40,front_dense_back_sparse,20264827,39,247,D20250503
front_sparse_back_dense_40,40,front_sparse_back_dense,20264828,0,0,D20170322
front_sparse_back_dense_40,40,front_sparse_back_dense,20264828,1,11,D20170801
front_sparse_back_dense_40,40,front_sparse_back_dense,20264828,2,22,D20171211
front_sparse_back_dense_40,40,front_sparse_back_dense,20264828,3,34,D20180504
front_sparse_back_dense_40,40,front_sparse_back_dense,20264828,4,45,D20180913
front_sparse_back_dense_40,40,front_sparse_back_dense,20264828,5,56,D20190123
front_sparse_back_dense_40,40,front_sparse_back_dense,20264828,6,67,D20190604
front_sparse_back_dense_40,40,front_sparse_back_dense,20264828,7,78,D20191014
front_sparse_back_dense_40,40,front_sparse_back_dense,20264828,8,89,D20200223
front_sparse_back_dense_40,40,front_sparse_back_dense,20264828,9,101,D20200716
front_sparse_back_dense_40,40,front_sparse_back_dense,20264828,10,112,D20201125
front_sparse_back_dense_40,40,front_sparse_back_dense,20264828,11,123,D20210406
front_sparse_back_dense_40,40,front_sparse_back_dense,20264828,12,124,D20210418
front_sparse_back_dense_40,40,front_sparse_back_dense,20264828,13,129,D20210617
front_sparse_back_dense_40,40,front_sparse_back_dense,20264828,14,133,D20210804
front_sparse_back_dense_40,40,front_sparse_back_dense,20264828,15,138,D20211003
front_sparse_back_dense_40,40,front_sparse_back_dense,20264828,16,142,D20211120
front_sparse_back_dense_40,40,front_sparse_back_dense,20264828,17,147,D20220119
front_sparse_back_dense_40,40,front_sparse_back_dense,20264828,18,151,D20220308
front_sparse_back_dense_40,40,front_sparse_back_dense,20264828,19,156,D20220507
front_sparse_back_dense_40,40,front_sparse_back_dense,20264828,20,160,D20220624
front_sparse_back_dense_40,40,front_sparse_back_dense,20264828,21,165,D20220823
front_sparse_back_dense_40,40,front_sparse_back_dense,20264828,22,170,D20221022
front_sparse_back_dense_40,40,front_sparse_back_dense,20264828,23,174,D20221209
front_sparse_back_dense_40,40,front_sparse_back_dense,20264828,24,179,D20230207
front_sparse_back_dense_40,40,front_sparse_back_dense,20264828,25,183,D20230327
front_sparse_back_dense_40,40,front_sparse_back_dense,20264828,26,188,D20230526
front_sparse_back_dense_40,40,front_sparse_back_dense,20264828,27,192,D20230713
front_sparse_back_dense_40,40,front_sparse_back_dense,20264828,28,197,D20230911
front_sparse_back_dense_40,40,front_sparse_back_dense,20264828,29,201,D20231029
front_sparse_back_dense_40,40,front_sparse_back_dense,20264828,30,206,D20231228
front_sparse_back_dense_40,40,front_sparse_back_dense,20264828,31,211,D20240226
front_sparse_back_dense_40,40,front_sparse_back_dense,20264828,32,215,D20240414
front_sparse_back_dense_40,40,front_sparse_back_dense,20264828,33,220,D20240613
front_sparse_back_dense_40,40,front_sparse_back_dense,20264828,34,224,D20240731
front_sparse_back_dense_40,40,front_sparse_back_dense,20264828,35,229,D20240929
front_sparse_back_dense_40,40,front_sparse_back_dense,20264828,36,233,D20241116
front_sparse_back_dense_40,40,front_sparse_back_dense,20264828,37,238,D20250115
front_sparse_back_dense_40,40,front_sparse_back_dense,20264828,38,242,D20250304
front_sparse_back_dense_40,40,front_sparse_back_dense,20264828,39,247,D20250503
